{"initial_reset_timestamp": 1657055066.8197036, "timestamps": [1657055074.0342195, 1657055074.2629752, 1657055074.59683, 1657055075.015911, 1657055075.4286594, 1657055075.8277001, 1657055076.2537167, 1657055076.6335192, 1657055077.0109384, 1657055077.37874, 1657055081.269719, 1657055081.6368866, 1657055082.001882, 1657055082.3682709, 1657055082.7358835, 1657055083.100767, 1657055083.4642875, 1657055083.8307018, 1657055084.1974838, 1657055084.5640063, 1657055089.3446858, 1657055090.66336, 1657055091.935071, 1657055093.3019714, 1657055094.7011712, 1657055096.2415974, 1657055097.8559883, 1657055099.3905203, 1657055100.9025056, 1657055102.2389343, 1657055107.1331437, 1657055108.5938916, 1657055110.0281935, 1657055111.488724, 1657055112.9059796, 1657055114.4646928, 1657055115.977975, 1657055117.4048054, 1657055118.9903622, 1657055120.5320113, 1657055125.8571112, 1657055127.4348674, 1657055128.840272, 1657055130.2510686, 1657055131.6906343, 1657055133.1163561, 1657055134.55495, 1657055135.6370387, 1657055137.184013, 1657055138.6443677, 1657055143.7233887, 1657055145.2586548, 1657055146.6427963, 1657055148.0917506, 1657055149.43102, 1657055150.9343991, 1657055152.5050616, 1657055153.7820067, 1657055154.8907874, 1657055156.3359363, 1657055161.4224043, 1657055162.9607346, 1657055164.4643815, 1657055165.7135239, 1657055167.0283535, 1657055168.2685418, 1657055169.7823834, 1657055171.1287367, 1657055172.57106, 1657055174.0574956, 1657055175.5848143, 1657055180.1469548, 1657055181.6564078, 1657055183.2411027, 1657055184.7464871, 1657055186.1536422, 1657055187.6136563, 1657055189.1843429, 1657055190.7273211, 1657055192.1511397, 1657055193.6765342, 1657055198.714334, 1657055200.2137861, 1657055201.600898, 1657055202.9583216, 1657055204.1894698, 1657055205.6470587, 1657055207.129709, 1657055208.6491563, 1657055209.7579505, 1657055211.2617068, 1657055216.293727, 1657055217.8025568, 1657055219.19261, 1657055220.4096825, 1657055221.7546766, 1657055223.110303, 1657055224.611888, 1657055226.2407877, 1657055227.7728136, 1657055229.123805, 1657055234.1937954, 1657055235.7752397, 1657055237.243486, 1657055238.6367729, 1657055240.033028, 1657055241.5862706, 1657055243.073378, 1657055244.564068, 1657055245.9718387, 1657055247.5005548, 1657055252.8492181, 1657055254.426129, 1657055255.9537854, 1657055257.412556, 1657055258.8087687, 1657055260.2727926, 1657055261.8197553, 1657055263.1862745, 1657055264.630245, 1657055266.2726436, 1657055267.8082747, 1657055273.0237262, 1657055274.215657, 1657055275.7830749, 1657055277.3073785, 1657055278.6257467, 1657055280.200315, 1657055281.902643, 1657055283.440035, 1657055284.983947, 1657055286.476911, 1657055292.0314407, 1657055293.5927472, 1657055295.159491, 1657055296.1038313, 1657055297.2724285, 1657055298.2670155, 1657055299.1173887, 1657055300.6966116, 1657055302.2566044, 1657055303.6482682, 1657055305.132415, 1657055311.2777915, 1657055312.7970376, 1657055314.3667867, 1657055315.7787256, 1657055317.0903559, 1657055318.3533075, 1657055319.852437, 1657055321.3316524, 1657055322.9235861, 1657055324.6065414, 1657055326.2153735, 1657055332.129971, 1657055333.7616496, 1657055335.2627792, 1657055336.6486928, 1657055338.0027142, 1657055339.5071356, 1657055341.0333245, 1657055342.6584482, 1657055343.6042309, 1657055345.0972333, 1657055350.8535652, 1657055352.5096507, 1657055353.9601455, 1657055355.4061182, 1657055356.9166842, 1657055358.35374, 1657055359.9434447, 1657055361.4337413, 1657055362.8771493, 1657055364.4664464, 1657055370.716341, 1657055372.1491878, 1657055373.5809462, 1657055375.190565, 1657055376.729765, 1657055378.2197094, 1657055379.540115, 1657055380.9519641, 1657055382.4829211, 1657055384.0976112, 1657055389.9304466, 1657055391.4247048, 1657055392.870302, 1657055394.2923622, 1657055395.6996915, 1657055397.1482937, 1657055398.7424846, 1657055400.1722548, 1657055401.5730217, 1657055403.0770388, 1657055408.2581317, 1657055409.7311418, 1657055411.051979, 1657055412.5358198, 1657055414.0885737, 1657055415.616465, 1657055417.1664283, 1657055418.7260573, 1657055420.1720514, 1657055421.6335444, 1657055426.805219, 1657055428.1825063, 1657055429.623901, 1657055431.1945646, 1657055432.777916, 1657055434.2650924, 1657055435.7839956, 1657055437.3199003, 1657055438.8699605, 1657055440.3182905, 1657055445.3234258, 1657055446.725687, 1657055448.2390769, 1657055449.7690523, 1657055451.2498934, 1657055452.7423096, 1657055454.2078671, 1657055455.7106788, 1657055457.2446759, 1657055458.635324, 1657055463.4806252, 1657055464.881993, 1657055466.2976227, 1657055467.7480264, 1657055469.2385395, 1657055470.772247, 1657055472.337034, 1657055473.8640268, 1657055474.803054, 1657055476.2366781, 1657055477.7800205, 1657055482.674479, 1657055483.97933, 1657055485.251174, 1657055486.6694472, 1657055488.1988127, 1657055489.5781422, 1657055491.0478096, 1657055492.4608414, 1657055494.009482, 1657055495.6387353, 1657055500.7649686, 1657055502.2213154, 1657055503.5571816, 1657055504.9788272, 1657055506.3371809, 1657055507.6901045, 1657055509.1835012, 1657055510.6907098, 1657055512.306076, 1657055513.906371, 1657055519.0331957, 1657055520.4712193, 1657055521.9770083, 1657055523.414888, 1657055524.6807947, 1657055526.1674683, 1657055527.5856953, 1657055529.0224, 1657055530.5889118, 1657055532.211058, 1657055537.428353, 1657055538.7667906, 1657055540.1281977, 1657055541.5477717, 1657055543.0066154, 1657055544.4753373, 1657055545.8973432, 1657055547.3621166, 1657055548.7750134, 1657055549.8350174, 1657055554.5509467, 1657055555.904748, 1657055557.2535808, 1657055558.6528287, 1657055559.6771193, 1657055561.1256676, 1657055562.632843, 1657055564.093874, 1657055565.5435371, 1657055566.916807, 1657055568.267058, 1657055573.2566311, 1657055574.6629186, 1657055576.0440762, 1657055577.4447, 1657055578.9321096, 1657055580.3952498, 1657055581.846434, 1657055583.2772207, 1657055584.758657, 1657055586.1248837, 1657055591.1861112, 1657055592.5625193, 1657055593.8971958, 1657055595.2107725, 1657055596.5976198, 1657055598.1385975, 1657055599.6682184, 1657055600.942475, 1657055602.2738063, 1657055603.6393425, 1657055607.9161968, 1657055609.362925, 1657055610.7483954, 1657055612.050615, 1657055612.815482, 1657055614.120504, 1657055615.610795, 1657055617.1170363, 1657055618.5097015, 1657055619.9420528, 1657055621.540566, 1657055626.6345894, 1657055628.1478899, 1657055629.6017227, 1657055630.812372, 1657055632.0983925, 1657055633.441145, 1657055634.7059903, 1657055636.040507, 1657055637.5975177, 1657055639.080912, 1657055644.2367935, 1657055645.6933053, 1657055647.0918493, 1657055648.547893, 1657055649.9817982, 1657055651.48476, 1657055652.918454, 1657055654.3129954, 1657055655.745905, 1657055657.2513323, 1657055662.5139031, 1657055664.0822637, 1657055665.5072756, 1657055666.8062007, 1657055668.1669557, 1657055669.6435897, 1657055671.2426808, 1657055672.7567222, 1657055674.2740915, 1657055675.7685075, 1657055680.799767, 1657055682.0739937, 1657055683.28864, 1657055684.670513, 1657055685.4543188, 1657055686.8866599, 1657055688.4093654, 1657055689.9373589, 1657055691.4947872, 1657055693.0013096, 1657055694.5109482, 1657055699.510789, 1657055700.9727883, 1657055702.0024745, 1657055703.3795135, 1657055704.7310266, 1657055706.333536, 1657055707.922956, 1657055709.0475042, 1657055710.5888608, 1657055711.680479, 1657055712.6009018, 1657055717.6460083, 1657055719.1755772, 1657055720.673722, 1657055722.031582, 1657055723.435941, 1657055724.9164035, 1657055726.357895, 1657055727.8518238, 1657055729.2504215, 1657055730.6203907, 1657055736.0039923, 1657055737.4169855, 1657055738.8219407, 1657055740.2004857, 1657055741.7071447, 1657055743.207993, 1657055744.519075, 1657055745.8055525, 1657055746.6420765, 1657055748.0324028, 1657055753.2065961, 1657055754.6525488, 1657055756.0424595, 1657055757.454121, 1657055758.909276, 1657055760.2535877, 1657055761.6763985, 1657055762.5130186, 1657055764.0182862, 1657055765.5586433, 1657055766.4809015, 1657055771.4604287, 1657055772.871652, 