{"initial_reset_timestamp": 1657055063.2564447, "timestamps": [1657055063.4670088, 1657055063.6847584, 1657055063.8919537, 1657055064.099973, 1657055064.3118238, 1657055064.5135362, 1657055064.7078035, 1657055068.0105407, 1657055068.2151985, 1657055068.4286108, 1657055068.6396775, 1657055068.850088, 1657055069.0558808, 1657055069.2859285, 1657055072.92823, 1657055073.1583781, 1657055073.3939774, 1657055073.6397104, 1657055073.8499608, 1657055074.0789309, 1657055074.2979004, 1657055086.391737, 1657055086.6030908, 1657055086.8078227, 1657055087.0236485, 1657055087.239018, 1657055087.445695, 1657055087.6559281, 1657055101.9908917, 1657055102.2111714, 1657055102.4358861, 1657055102.664358, 1657055102.8960848, 1657055103.122289, 1657055103.3488684, 1657055117.6567516, 1657055117.8972218, 1657055118.1406028, 1657055118.38383, 1657055118.6111653, 1657055118.8481421, 1657055119.0705547, 1657055133.4272752, 1657055133.6700823, 1657055133.9149337, 1657055134.13499, 1657055134.3792503, 1657055134.611356, 1657055134.8516376, 1657055149.2357593, 1657055149.4732833, 1657055149.7103336, 1657055149.955303, 1657055150.1906104, 1657055150.4344692, 1657055150.6548748, 1657055165.2968976, 1657055165.517602, 1657055165.7366602, 1657055165.959997, 1657055166.1906269, 1657055166.4174004, 1657055166.6441581, 1657055181.1409771, 1657055181.3834872, 1657055181.625934, 1657055181.8312454, 1657055182.074062, 1657055182.2938464, 1657055182.532724, 1657055196.9761913, 1657055197.211684, 1657055197.4436858, 1657055197.6511548, 1657055197.8756022, 1657055198.119038, 1657055198.3672016, 1657055213.0424147, 1657055213.2535605, 1657055213.4827762, 1657055213.7111902, 1657055213.9175189, 1657055214.1390839, 1657055214.365415, 1657055229.049729, 1657055229.287482, 1657055229.5304933, 1657055229.7721083, 1657055230.0121994, 1657055230.246727, 1657055230.4650862, 1657055245.0728774, 1657055245.289211, 1657055245.534251, 1657055245.7782216, 1657055246.0129864, 1657055246.2479575, 1657055246.5564327, 1657055261.21454, 1657055261.4434001, 1657055261.689932, 1657055261.9023888, 1657055262.15559, 1657055262.4355123, 1657055262.7129796, 1657055278.5962148, 1657055278.8192923, 1657055279.0524542, 1657055279.340954, 1657055279.550481, 1657055279.7887325, 1657055280.030151, 1657055296.3369513, 1657055296.5630715, 1657055296.787625, 1657055297.0165074, 1657055297.2485406, 1657055297.4592566, 1657055297.714423, 1657055312.7304919, 1657055312.9559922, 1657055313.2090125, 1657055313.4379382, 1657055313.6863608, 1657055313.9301322, 1657055314.1748025, 1657055329.742226, 1657055329.9781554, 1657055330.2100823, 1657055330.439303, 1657055330.663096, 1657055330.8895082, 1657055331.1201723, 1657055345.6927493, 1657055345.9383345, 1657055346.1715264, 1657055346.3988779, 1657055346.6234648, 1657055346.839068, 1657055347.049188, 1657055362.2965276, 1657055362.5146306, 1657055362.763883, 1657055362.9928803, 1657055363.2518148, 1657055363.501546, 1657055363.750992, 1657055379.0010417, 1657055379.2294087, 1657055379.4603364, 1657055379.671897, 1657055379.8941526, 1657055380.131586, 1657055380.3706732, 1657055395.0301616, 1657055395.2413683, 1657055395.4947221, 1657055395.7321162, 1657055395.9675424, 1657055396.209116, 1657055396.4517286, 1657055411.0766156, 1657055411.377665, 1657055411.6269748, 1657055411.8653183, 1657055412.0941088, 1657055412.3399262, 1657055412.571485, 1657055427.4573267, 1657055427.6854093, 1657055427.9320781, 1657055428.166612, 1657055428.402753, 1657055428.638678, 1657055428.8607495, 1657055443.1155775, 1657055443.3214502, 1657055443.5197866, 1657055443.7410326, 1657055443.954556, 1657055444.170268, 1657055444.427775, 1657055459.2633038, 1657055459.5032003, 1657055459.7420533, 1657055459.9620724, 1657055460.1746387, 1657055460.3852384, 1657055460.5760546, 1657055474.8619614, 1657055475.1025784, 1657055475.3420992, 1657055475.5862713, 1657055475.8204463, 1657055476.0520818, 1657055476.2883587, 1657055490.2757745, 1657055490.4999065, 1657055490.7558484, 1657055490.9987962, 1657055491.2390158, 1657055491.4937906, 1657055491.7459142, 1657055506.3894763, 1657055506.6143324, 1657055506.8444853, 1657055507.069772, 1657055507.2963817, 1657055507.5226748, 1657055507.7274413, 1657055522.6201136, 1657055522.8607004, 1657055523.0868704, 1657055523.3361697, 1657055523.5305462, 1657055523.7613316, 1657055523.9869275, 1657055538.8656058, 1657055539.100378, 1657055539.324959, 1657055539.5443323, 1657055539.7471468, 1657055539.973748, 1657055540.1931572, 1657055554.7176719, 1657055554.9554589, 1657055555.1997347, 1657055555.4342685, 1657055555.6613967, 1657055555.896912, 1657055556.1275425, 1657055570.4565253, 1657055570.6780326, 1657055570.9113696, 1657055571.1390116, 1657055571.3652, 1657055571.5646272, 1657055571.7901366, 1657055586.8835058, 1657055587.092353, 1657055587.2956176, 1657055587.4520364, 1657055587.666455, 1657055587.8788817, 1657055588.0842924, 1657055588.2809334, 1657055603.0683064, 1657055603.31142, 1657055603.5427098, 1657055603.76833, 1657055603.993202, 1657055604.2336416, 1657055604.4386528, 1657055618.2963374, 1657055618.5152605, 1657055618.743323, 1657055618.990039, 1657055619.1313367, 1657055619.374274, 1657055619.611379, 1657055619.84049, 1657055634.3032057, 1657055634.5265381, 1657055634.7330642, 1657055634.9475317, 1657055635.1726496, 1657055635.396777, 1657055635.6253505, 1657055650.3245673, 1657055650.565418, 1657055650.7963555, 1657055651.049718, 1657055651.2752686, 1657055651.503, 1657055651.756041, 1657055666.5136447, 1657055666.735185, 1657055666.953761, 1657055667.1889384, 1657055667.4010143, 1657055667.622497, 1657055667.8355365, 1657055682.1246393, 1657055682.332828, 1657055682.579507, 1657055682.7877212, 1657055683.007533, 1657055683.2280364, 1657055683.42862, 1657055697.8772907, 1657055698.0853457, 1657055698.2983456, 1657055698.5192146, 1657055698.7431867, 1657055698.9702687, 1657055699.1945636, 1657055713.48572, 1657055713.705957, 1657055713.8969295, 1657055714.122928, 1657055714.342645, 1657055714.5645616, 1657055714.7839332, 1657055728.8701851, 1657055729.109973, 1657055729.3240492, 1657055729.5606062, 1657055729.8032963, 1657055730.0400007, 1657055730.27956, 1657055744.667486, 1657055744.8976028, 1657055745.1251128, 1657055745.3486993, 1657055745.5741453, 1657055745.8021436, 1657055745.9811223, 1657055759.905315, 1657055760.1439989, 1657055760.4639719, 1657055760.6907115, 1657055760.932911, 1657055761.1556988, 1657055761.4078977, 1657055775.2394984, 1657055775.4645112, 1657055775.6924117, 1657055775.8973417, 1657055776.1185777, 1657055776.3285747, 1657055776.5648012, 1657055791.0192332, 1657055791.2236245, 1657055791.4278681, 1657055791.6362984, 1657055791.8444195, 1657055792.0334232, 1657055792.2473075, 1657055806.5834973, 1657055806.7881842, 1657055807.0001953, 1657055807.231547, 1657055807.463865, 1657055807.7047744, 1657055807.9262922, 1657055821.4957786, 1657055821.728682, 1657055821.9631305, 1657055822.2076833, 1657055822.4485295, 1657055822.664812, 1657055822.866269],