{"initial_reset_timestamp": 1657055059.0842798, "timestamps": [1657055064.7776053, 1657055065.0583475, 1657055065.4796777, 1657055065.8845606, 1657055066.2954004, 1657055066.6726267, 1657055069.380056, 1657055069.7479188, 1657055070.1361806, 1657055070.524135, 1657055070.8823574, 1657055071.2425992, 1657055071.6521597, 1657055075.3429546, 1657055076.8170483, 1657055078.430861, 1657055080.1878293, 1657055081.949779, 1657055083.5877032, 1657055085.2505746, 1657055089.3179257, 1657055091.0666869, 1657055092.9731455, 1657055094.8691654, 1657055096.189061, 1657055098.3683906, 1657055100.5944262, 1657055105.018233, 1657055106.9718459, 1657055109.0595179, 1657055111.044769, 1657055112.8940895, 1657055114.9962325, 1657055119.4946668, 1657055121.5607789, 1657055123.3564947, 1657055125.3457344, 1657055127.4416487, 1657055129.409509, 1657055131.3439202, 1657055135.9034944, 1657055137.959862, 1657055139.8811476, 1657055141.7963986, 1657055143.8322585, 1657055145.9141994, 1657055147.8795269, 1657055152.3483555, 1657055154.4435415, 1657055156.3989272, 1657055158.4601502, 1657055160.4726124, 1657055161.788979, 1657055163.8166664, 1657055168.235688, 1657055170.0461295, 1657055170.7422228, 1657055172.660491, 1657055174.411575, 1657055176.3316941, 1657055177.9358015, 1657055179.9503384, 1657055184.0529935, 1657055185.6289494, 1657055187.5736349, 1657055189.5353248, 1657055191.5119448, 1657055193.6272602, 1657055195.3679342, 1657055198.9620564, 1657055200.9211907, 1657055202.8291278, 1657055204.6363962, 1657055206.7886994, 1657055208.9040885, 1657055211.0630436, 1657055215.4194999, 1657055217.503501, 1657055218.2414289, 1657055219.8262744, 1657055221.726655, 1657055223.8208735, 1657055225.9503827, 1657055227.62287, 1657055232.0120976, 1657055234.1585724, 1657055236.1129346, 1657055238.1616848, 1657055239.2993293, 1657055240.5389013, 1657055241.9500935, 1657055243.8197033, 1657055248.607439, 1657055249.306484, 1657055251.0554633, 1657055252.2240689, 1657055254.2532275, 1657055256.4450095, 1657055258.4801502, 1657055263.0125477, 1657055265.2243993, 1657055266.2057657, 1657055268.1832857, 1657055270.0571413, 1657055270.479393, 1657055272.3500931, 1657055274.5456538, 1657055276.804022, 1657055281.8238657, 1657055284.1436913, 1657055286.1532815, 1657055286.955248, 1657055288.7790413, 1657055289.6177406, 1657055291.9679983, 1657055294.4338489, 1657055298.875167, 1657055300.949536, 1657055303.0941095, 1657055303.6973207, 1657055306.012429, 1657055308.1181216, 1657055310.0371706, 1657055314.5947154, 1657055315.5442908, 1657055317.623277, 1657055319.7177072, 1657055320.4991012, 1657055322.6651628, 1657055323.631289, 1657055324.5103948, 1657055325.8995845, 1657055328.0004702, 1657055331.9103367, 1657055333.2286658, 1657055335.2269635, 1657055337.0480144, 1657055338.692535, 1657055340.0399222, 1657055340.9308567, 1657055342.7350233, 1657055344.472995, 1657055348.8450947, 1657055349.431135, 1657055351.335588, 1657055353.2784803, 1657055354.2752855, 1657055355.50436, 1657055357.4634209, 1657055359.0535467, 1657055359.9735663, 1657055363.8475237, 1657055364.9835255, 1657055367.050269, 1657055369.1376061, 1657055370.3239863, 1657055371.501579, 1657055373.5368042, 1657055374.85592, 1657055375.658893, 1657055376.5984254, 1657055377.227439, 1657055380.736952, 1657055381.7919981, 1657055383.8096013, 1657055385.5540774, 1657055386.4265764, 1657055388.2511446, 1657055390.2115226, 1657055392.155814, 1657055396.7434523, 1657055398.80281, 1657055400.3945594, 1657055401.8304262, 1657055402.8337913, 1657055404.9340491, 1657055405.6692014, 1657055407.668122, 1657055409.0524755, 1657055413.6619627, 1657055415.746499, 1657055417.1362894, 1657055419.1847763, 1657055420.6758456, 1657055421.7885213, 1657055423.6945024, 1657055425.803359, 1657055430.017248, 1657055431.42321, 1657055432.9169216, 1657055434.87561, 1657055436.9486008, 1657055438.979041, 1657055440.1568103, 1657055440.8579254, 1657055441.8722095, 1657055445.4932733, 1657055446.5692673, 1657055447.424215, 1657055449.035962, 1657055450.1906111, 1657055452.1374333, 1657055452.9977887, 1657055453.4218018, 1657055454.3267136, 1657055455.8847928, 1657055456.7581422, 1657055458.049939, 1657055461.6404834, 1657055463.3020625, 1657055465.172432, 1657055467.2056324, 1657055468.140401, 1657055469.1186519, 1657055470.9340122, 1657055472.8424325, 1657055476.8130243, 1657055478.740202, 1657055480.4844782, 1657055481.5485528, 1657055483.2226064, 1657055485.0072408, 1657055486.9715257, 1657055488.331464, 1657055491.8385026, 1657055492.5190628, 1657055493.8720548, 1657055495.9491622, 1657055497.0678058, 1657055497.540462, 1657055499.405571, 1657055500.7423165, 1657055502.1168773, 1657055503.8016756, 1657055504.5897334, 1657055508.4660695, 1657055509.0479972, 1657055510.21263, 1657055511.7298226, 1657055513.7843382, 1657055514.3427591, 1657055515.7194712, 1657055517.31338, 1657055518.9138348, 1657055520.539787, 1657055524.649631, 1657055525.438068, 1657055526.6515453, 1657055527.809122, 1657055528.7698328, 1657055529.6154501, 1657055530.8958187, 1657055533.0061018, 1657055534.9952881, 1657055537.001758, 1657055541.257944, 1657055541.9098532, 1657055542.9909768, 1657055544.3051353, 1657055545.9689124, 1657055547.616666, 1657055549.6001747, 1657055551.4174838, 1657055553.350329, 1657055557.764401, 1657055558.8919716, 1657055560.8823946, 1657055561.9781423, 1657055563.236584, 1657055565.2746773, 1657055567.1039586, 1657055568.1573546, 1657055572.3596478, 1657055573.4479582, 1657055574.7140753, 1657055576.7002344, 1657055578.5794573, 1657055580.4199965, 1657055581.8463094, 1657055582.4276655, 1657055584.5268245, 1657055589.0374753, 1657055590.1549346, 1657055591.7098653, 1657055593.5302954, 1657055595.5128655, 1657055596.580446, 1657055597.1265273, 1657055599.175397, 1657055600.0486057, 1657055601.6968071, 1657055606.0418117, 1657055607.0489385, 1657055609.1034296, 1657055610.50705, 1657055612.2280402, 1657055613.461095, 1657055615.3760219, 1657055620.0303223, 1657055622.0916328, 1657055623.2994301, 1657055624.4147763, 1657055626.2479124, 1657055627.5779426, 1657055629.0336735, 1657055629.6038456, 1657055630.7977614, 1657055631.5773156, 1657055635.682546, 1657055637.7302115, 1657055639.177126, 1657055641.1429136, 1657055642.4012525, 1657055644.3577085, 1657055646.4320073, 1657055648.4005568, 1657055649.0980103, 1657055652.2107203, 1657055653.927679, 1657055655.0411506, 1657055656.3268254, 1657055657.3506079, 1657055658.1450412, 1657055659.9598591, 1657055661.9379172, 1657055662.7855837, 1657055664.785576, 1657055668.8534636, 1657055670.9964528, 1657055671.9286032, 1657055673.8836603, 1657055675.8897004, 1657055677.0131712, 1657055678.788603, 1657055680.5022216, 1657055684.684822, 1657055685.934909, 1657055687.2748473, 1657055688.4657953, 1657055690.544183, 1657055692.601913, 1657055693.4374802, 1657055694.5151958, 1657055696.4601214, 1657055700.3098986, 1657055702.0578237, 1657055703.7974794, 1657055704.559984, 1657055705.2753901, 1657055706.452079, 1657055708.482304, 1657055710.594912, 1657055712.24763, 1657055715.3771794, 1657055717.30523, 1657055719.400031, 1657055721.2776687, 1657055723.056109, 1657055724.3096545, 1657055725.4031615, 1657055726.5929465, 1657055730.6442268, 1657055731.5837135, 1657055732.164025, 1657055734.0733736, 1657055735.0818386, 1657055736.6521873, 1657055738.0776095, 1657055740.0157804, 1657055741.7713306, 1657055742.639681, 1657055743.3117368, 1657055746.559306, 1657055747.842098, 1657055748.9296606, 1657055749.798808, 1657055751.1575565, 1657055752.015354, 1657055753.9347239, 1657055754.5119526, 1657055756.2637978, 1657055757.8030922, 1657055762.3452024, 1657055763.6735833, 1657055764.7019923, 1657055765.6928322, 1657055766.988434, 1657055768.5493877, 1657055769.7787383, 1657055771.4988766, 1657055773.2282896, 1657055776.9095185, 1657055778.072651, 1657055779.554654, 1657055780.446471, 1657055782.0821486, 1657055782.5277271, 1657055784.584026, 1657055785.7435203, 1657055787.45134, 1657055788.2455637, 1657055789.1478033, 