{"initial_reset_timestamp": 1657053496.1572046, "timestamps": [1657053501.8331387, 1657053502.1116216, 1657053502.5423636, 1657053502.934894, 1657053503.3285782, 1657053503.7094703, 1657053506.335714, 1657053506.70635, 1657053507.074679, 1657053507.4335308, 1657053507.8029952, 1657053508.1658607, 1657053508.522128, 1657053512.0431068, 1657053513.8462744, 1657053515.548386, 1657053517.247505, 1657053518.779291, 1657053520.4272788, 1657053521.9987228, 1657053525.7906518, 1657053527.523121, 1657053529.2255793, 1657053530.9350982, 1657053532.5872183, 1657053534.1528478, 1657053538.055139, 1657053539.7740874, 1657053541.4594822, 1657053543.1777375, 1657053544.896824, 1657053545.9743218, 1657053547.6950629, 1657053551.5943298, 1657053553.3490865, 1657053555.0485094, 1657053556.7722924, 1657053558.5000293, 1657053560.1235385, 1657053561.5495713, 1657053565.4231575, 1657053567.1360066, 1657053568.8797123, 1657053570.6348333, 1657053572.407196, 1657053574.0276384, 1657053575.7461052, 1657053579.6485527, 1657053581.3428545, 1657053583.0364177, 1657053584.7848315, 1657053586.5008438, 1657053587.8929439, 1657053591.7150576, 1657053593.0890968, 1657053594.8448236, 1657053596.567297, 1657053598.3235304, 1657053600.017333, 1657053601.7208505, 1657053605.4368243, 1657053606.8976886, 1657053608.3284364, 1657053609.831477, 1657053611.5132794, 1657053613.26839, 1657053614.953828, 1657053618.8750803, 1657053620.6767397, 1657053622.4768205, 1657053624.233712, 1657053626.034418, 1657053627.7559187, 1657053631.449233, 1657053633.2141376, 1657053634.9741514, 1657053636.787851, 1657053638.56013, 1657053640.3724842, 1657053642.0078456, 1657053646.1686008, 1657053648.0621426, 1657053649.9660501, 1657053651.9136581, 1657053653.8503604, 1657053655.711935, 1657053657.685084, 1657053662.1237462, 1657053664.2180781, 1657053666.3960893, 1657053668.6769996, 1657053670.966467, 1657053673.105396, 1657053677.7019756, 1657053679.9300973, 1657053682.1385841, 1657053684.3611283, 1657053686.5777843, 1657053688.6338646, 1657053690.7757342, 1657053695.4559844, 1657053697.4897075, 1657053699.5355742, 1657053701.7910426, 1657053703.9582434, 1657053706.1488287, 1657053708.196477, 1657053712.6204762, 1657053714.4649394, 1657053716.507801, 1657053718.6302824, 1657053720.781885, 1657053722.8283432, 1657053727.1686609, 1657053729.061444, 1657053730.8363888, 1657053733.0678473, 1657053735.2742362, 1657053737.4467497, 1657053739.667031, 1657053744.374482, 1657053746.2954037, 1657053748.239483, 1657053750.356485, 1657053752.499617, 1657053754.743879, 1657053756.9297705, 1657053761.739048, 1657053763.6731899, 1657053765.666677, 1657053767.5684493, 1657053769.7077258, 1657053772.0080256, 1657053776.9983134, 1657053779.0319397, 1657053780.9817145, 1657053782.9037044, 1657053785.0052488, 1657053787.2307286, 1657053789.6730359, 1657053795.1035943, 1657053797.5360148, 1657053799.8131225, 1657053802.0742805, 1657053804.2357097, 1657053806.5047402, 1657053808.964537, 1657053814.599698, 1657053816.7218168, 1657053819.0164344, 1657053821.44519, 1657053823.5587564, 1657053825.9113526, 1657053831.4221823, 1657053833.8000488, 1657053836.2329106, 1657053838.881103, 1657053841.2806947, 1657053843.621634, 1657053846.015563, 1657053851.4168634, 1657053853.8949342, 1657053856.3287258, 1657053858.9906366, 1657053861.452682, 1657053864.0438104, 1657053866.3100708, 1657053871.740523, 1657053874.1775258, 1657053876.7402127, 1657053879.4063647, 1657053882.0569, 1657053884.6920302, 1657053890.5409296, 1657053893.0966852, 1657053895.5671506, 1657053898.2406652, 1657053900.8114903, 1657053903.5235229, 1657053906.049656, 1657053911.5540092, 1657053913.9148645, 1657053916.5121026, 1657053919.169448, 1657053921.7749164, 1657053924.4841063, 1657053927.0903466, 1657053932.8677833, 1657053935.157753, 1657053937.6336808, 1657053940.0756238, 1657053942.6805844, 1657053945.2679183, 1657053951.2309692, 1657053953.543904, 1657053955.8698518, 1657053958.2856104, 1657053960.8328469, 1657053963.509992, 1657053966.0631769, 1657053971.8907714, 1657053974.4419417, 1657053976.8816965, 1657053979.2309191, 1657053981.73605, 1657053984.4841433, 1657053987.002638, 1657053993.1315694, 1657053995.6235838, 1657053998.1147048, 1657054000.4548075, 1657054002.8894985, 1657054005.553442, 1657054011.3585463, 1657054014.0446112, 1657054016.6235244, 1657054019.2282066, 1657054021.7980301, 1657054024.3846724, 1657054026.9146802, 1657054032.8170142, 1657054035.1222932, 1657054037.5955355, 1657054040.2115188, 1657054042.7341669, 1657054045.1718702, 1657054047.4511526, 1657054053.7580848, 1657054056.459463, 1657054059.0141883, 1657054061.6702366, 1657054064.2186852, 1657054066.7517824, 1657054073.3407152, 1657054075.9871864, 1657054078.5493438, 1657054081.1694863, 1657054083.8435776, 1657054086.2945096, 1657054088.678973, 1657054094.7449079, 1657054097.510342, 1657054100.001735, 1657054102.3585308, 1657054104.9331453, 1657054107.338759, 1657054109.5494888, 1657054115.0758123, 1657054117.709406, 1657054120.2994137, 1657054122.8278162, 1657054125.526489, 1657054127.941342, 1657054133.9162524, 1657054136.4506688, 1657054139.1047857, 1657054141.634285, 1657054144.1548986, 1657054146.645116, 1657054148.9169629, 1657054154.9020665, 1657054157.341154, 1657054159.8946805, 1657054162.6418712, 1657054165.1904988, 1657054167.59197, 1657054170.2988515, 1657054176.7143629, 1657054179.1760783, 1657054181.7236848, 1657054184.4158149, 1657054186.7626085, 1657054188.8562832, 1657054194.5695524, 1657054197.2939148, 1657054199.7511573, 1657054202.2761807, 1657054204.8830624, 1657054207.192319, 1657054209.5101619, 1657054215.440614, 1657054218.137621, 1657054220.819746, 1657054223.3088133, 1657054225.7305818, 1657054228.1174047, 1657054230.4114838, 1657054236.6859438, 1657054239.3354, 1657054241.9874322, 1657054244.4686546, 1657054246.727449, 1657054249.1205876, 1657054254.9004343, 1657054257.545916, 1657054260.1539109, 1657054262.7820876, 1657054265.3005395, 1657054267.5781708, 1657054269.9523487, 1657054276.300009, 1657054278.9447155, 1657054281.5931373, 1657054284.0991778, 1657054286.6332922, 1657054288.870485, 1657054291.2904806, 1657054297.5678792, 1657054300.2078886, 1657054302.7265153, 1657054305.4121332, 1657054307.8977273, 1657054310.3516793, 1657054315.871141, 1657054318.3191798, 1657054320.7731848, 1657054323.2364068, 1657054325.8054638, 1657054328.2736254, 1657054330.6453247, 1657054337.1203296, 1657054339.4439502, 1657054341.8323298, 1657054344.508166, 1657054347.0261896, 1657054349.3115308, 1657054351.8678489, 1657054357.8014874, 1657054359.7829342, 1657054362.016241, 1657054364.7527373, 1657054367.3355315, 1657054369.6994784],