{"initial_reset_timestamp": 1657053500.3607152, "timestamps": [1657053500.5650203, 1657053500.771539, 1657053500.9751623, 1657053501.1784737, 1657053501.3799, 1657053501.574429, 1657053501.7652664, 1657053504.9889815, 1657053505.1993835, 1657053505.412619, 1657053505.6202095, 1657053505.8279517, 1657053506.0344672, 1657053506.2428098, 1657053509.7200713, 1657053509.9239523, 1657053510.1289089, 1657053510.3333027, 1657053510.5347319, 1657053510.7384617, 1657053510.949855, 1657053523.0327146, 1657053523.2231796, 1657053523.404066, 1657053523.6011257, 1657053523.7920604, 1657053523.9833589, 1657053524.1734731, 1657053536.3387384, 1657053536.5404363, 1657053536.7403488, 1657053536.9365644, 1657053537.1354175, 1657053537.332352, 1657053537.521342, 1657053549.8348582, 1657053550.0424545, 1657053550.248872, 1657053550.4592679, 1657053550.6717672, 1657053550.8867395, 1657053551.095495, 1657053563.199406, 1657053563.3785722, 1657053563.5729208, 1657053563.7656624, 1657053563.9596217, 1657053564.1512792, 1657053564.3438683, 1657053576.8159578, 1657053577.0426242, 1657053577.2523031, 1657053577.458889, 1657053577.6617854, 1657053577.8503683, 1657053578.0525055, 1657053589.9483175, 1657053590.1474438, 1657053590.337253, 1657053590.5290844, 1657053590.7187066, 1657053590.970117, 1657053591.1763442, 1657053603.705438, 1657053603.8983605, 1657053604.0891166, 1657053604.2780857, 1657053604.4644628, 1657053604.6620524, 1657053604.8526142, 1657053616.4066818, 1657053616.6078327, 1657053616.8063295, 1657053617.0005133, 1657053617.259598, 1657053617.4525483, 1657053617.647336, 1657053630.1583295, 1657053630.3521566, 1657053630.5422137, 1657053630.7364259, 1657053630.9179084, 1657053631.1154788, 1657053631.3114312, 1657053644.149176, 1657053644.35597, 1657053644.5610049, 1657053644.7830505, 1657053644.9992232, 1657053645.2053385, 1657053645.4190753, 1657053659.3368566, 1657053659.5472493, 1657053659.7674844, 1657053659.9913073, 1657053660.2185082, 1657053660.4487736, 1657053660.6756885, 1657053676.1137214, 1657053676.3975015, 1657053676.6164603, 1657053676.8444667, 1657053677.0664043, 1657053677.2983024, 1657053677.5298362, 1657053693.064701, 1657053693.319778, 1657053693.5823257, 1657053693.861138, 1657053694.1135502, 1657053694.3707337, 1657053694.6264446, 1657053709.7738538, 1657053709.9910352, 1657053710.2024224, 1657053710.4191077, 1657053710.6409938, 1657053710.910808, 1657053711.119601, 1657053725.7722263, 1657053725.979006, 1657053726.1871111, 1657053726.399568, 1657053726.6247962, 1657053726.8413978, 1657053727.0501144, 1657053742.0366488, 1657053742.2703865, 1657053742.5205138, 1657053742.7708285, 1657053743.006708, 1657053743.2521226, 1657053743.5001535, 1657053758.5431607, 1657053758.7927666, 1657053759.0356226, 1657053759.2361646, 1657053759.444639, 1657053759.6935093, 1657053759.9452477, 1657053760.2007658, 1657053775.1311228, 1657053775.3783216, 1657053775.5749128, 1657053775.8223634, 1657053776.0852032, 1657053776.3310378, 1657053776.5766063, 1657053776.8253736, 1657053792.2360034, 1657053792.5160246, 1657053792.7300556, 1657053792.9991934, 1657053793.2675707, 1657053793.5009727, 1657053793.7919004, 1657053794.0746038, 1657053810.667918, 1657053810.9349647, 1657053811.07344, 1657053811.2310724, 1657053811.4170823, 1657053811.6764956, 1657053811.8480594, 1657053812.1325448, 1657053812.312779, 1657053812.4877553, 1657053812.682882, 1657053812.9506392, 1657053829.1347518, 1657053829.4005544, 1657053829.6910415, 1657053829.9963756, 1657053830.209883, 1657053830.4319143, 1657053830.7144508, 1657053830.944032, 1657053831.220298, 1657053848.4446018, 1657053848.737378, 1657053849.0348873, 1657053849.3480067, 1657053849.5806217, 1657053849.8088348, 1657053850.1122096, 1657053850.3975132, 1657053868.102835, 1657053868.3857307, 1657053868.68382, 1657053868.979938, 1657053869.276473, 1657053869.564269, 1657053869.870483, 1657053887.8986883, 1657053888.0612185, 1657053888.2954738, 1657053888.4905033, 1657053888.6896868, 1657053888.8946896, 1657053889.0729182, 1657053889.3471334, 1657053889.5256875, 1657053889.7979124, 1657053890.0534558, 1657053890.357222, 1657053908.7953067, 1657053909.0897372, 1657053909.384678, 1657053909.6771722, 1657053909.9863691, 1657053910.2847655, 1657053910.5863976, 1657053928.9692125, 1657053929.1474469, 1657053929.438702, 1657053929.7391706, 1657053929.8969927, 1657053930.0815396, 1657053930.3890705, 1657053930.7006457, 1657053930.8798106, 1657053931.0550225, 1657053931.225066, 1657053948.6807308, 1657053948.9135163, 1657053949.1219964, 1657053949.3977766, 1657053949.5827994, 1657053949.8320932, 1657053950.1472244, 1657053950.3696382, 1657053950.6894362, 1657053950.8368046, 1657053951.0230224, 1657053968.7025394, 1657053968.8747716, 1657053969.1140728, 1657053969.433117, 1657053969.6953585, 1657053970.0093071, 1657053970.2447145, 1657053970.4970376, 1657053970.6519217, 1657053970.9321904, 1657053988.9197056, 1657053989.2495928, 1657053989.5712914, 1657053989.8869154, 1657053990.0612671, 1657053990.352166, 1657053990.6461315, 1657053990.8487575, 1657053991.0012784, 1657053991.2633417, 1657054008.921584, 1657054009.2478154, 1657054009.5441933, 1657054009.8010802, 1657054009.9916973, 1657054010.2810166, 1657054010.5894291, 1657054010.7742953, 1657054010.990803, 1657054011.1439974, 1657054029.5016916, 1657054029.7411659, 1657054030.0324507, 1657054030.2289913, 1657054030.4290483, 1657054030.697781, 1657054030.9019978, 1657054031.1981268, 1657054031.3612006, 1657054031.610729, 1657054031.8460135, 1657054049.1086414, 1657054049.399351, 1657054049.5961251, 1657054049.8378785, 1657054050.0842938, 1657054050.2579062, 1657054050.4263477, 1657054050.7323525, 1657054050.914454, 1657054051.1009061, 1657054051.262012, 1657054051.5151849, 1657054051.7287734, 1657054051.9488137, 1657054070.2251775, 1657054070.376903, 1657054070.5455167, 1657054070.788401, 1657054070.9904583, 1657054071.1467407, 1657054071.3102772, 1657054071.4930563, 1657054071.6694288, 1657054071.8616974, 1657054072.0224717, 1657054072.1826015, 1657054072.3494492, 1657054072.5291219, 1657054072.9130707, 1657054073.1273274, 1657054091.3562222, 1657054091.516187, 1657054091.672569, 1657054091.8360798, 1657054092.0826373, 1657054092.3417835, 1657054092.5967193, 1657054092.8525379, 1657054093.0897753, 1657054093.3402684, 1657054093.5459633, 1657054093.7345812, 1657054111.4112236, 1657054111.7150116, 1657054111.944771, 1657054112.2464685, 1657054112.5351665, 1657054112.7309954, 1657054113.0257206, 1657054113.2834299, 1657054131.3821478, 1657054131.5214145, 1657054131.666927, 1657054131.8242648, 1657054132.0156763, 1657054132.2985017, 1657054132.4781945, 1657054132.7664642, 1657054132.9698157, 1657054133.1419537, 1657054133.4280012, 1657054133.7285683, 1657054151.5462525, 1657054151.7283034, 1657054151.9989529, 1657054152.2191508, 1657054152.5291052, 1657054152.7278602, 1657054152.8929243, 1657054153.1280386, 1657054153.3376813, 1657054153.6310956, 1657054153.9399352, 1657054172.3647754, 1657054172.5329592, 1657054172.8210893, 1657054173.0436087, 1657054173.2473652, 1657054173.5817583, 1657054173.8196626, 1657054173.9753218, 1657054174.1303892, 1657054174.271363, 1657054174.4190555, 1657054174.6509702, 1657054174.9077654, 1657054192.3214426, 1657054192.6204832, 1657054192.9145312, 1657054193.2257018, 1657054193.4165094, 1657054193.6305044, 1657054193.807023, 1657054194.121448, 1657054194.3439472, 1657054212.1423635, 1657054212.2940273, 1657054212.58577, 1657054212.8716464, 1657054213.0781229, 1657054213.2167487, 1657054213.3979213, 1657054213.5725672, 1657054213.794291, 1657054214.096826, 1657054214.378309, 1657054231.995977, 1657054232.1573215, 1657054232.3071868, 1657054232.4670882, 1657054232.7672117, 1657054232.9642277, 1657054233.2219472, 1657054233.5232341, 1657054233.8060722, 1657054233.969483, 1657054234.115061, 1657054234.3241212, 1657054234.5096889, 1657054234.7231286, 1657054252.3344011, 1657054252.5442452, 1657054252.7422824, 1657054252.897118, 1657054253.1415265, 