{"initial_reset_timestamp": 1657053491.174671, "timestamps": [1657053496.8007097, 1657053497.0285785, 1657053497.4634335, 1657053497.867062, 1657053498.26427, 1657053498.6376605, 1657053501.179216, 1657053501.4399467, 1657053501.8091109, 1657053502.1930704, 1657053502.5789554, 1657053502.9018538, 1657053503.2731953, 1657053503.6445572, 1657053507.4035277, 1657053509.0338898, 1657053510.7307742, 1657053512.4397316, 1657053514.1957734, 1657053515.9782758, 1657053519.9130337, 1657053521.6277122, 1657053523.3266118, 1657053525.0407507, 1657053526.714473, 1657053528.4587722, 1657053530.1880834, 1657053534.1695008, 1657053535.8858962, 1657053537.4461374, 1657053539.205059, 1657053540.9656558, 1657053542.711678, 1657053544.451514, 1657053548.4257114, 1657053549.0057304, 1657053550.6709392, 1657053552.4049323, 1657053554.141861, 1657053555.9396439, 1657053557.6928985, 1657053561.5798552, 1657053563.2898202, 1657053564.8530095, 1657053566.625725, 1657053568.3720021, 1657053570.122947, 1657053571.8471448, 1657053576.0289645, 1657053577.7346046, 1657053579.3499959, 1657053580.807942, 1657053582.5350287, 1657053584.2854793, 1657053588.2344546, 1657053589.9464774, 1657053591.679697, 1657053593.4606047, 1657053595.210657, 1657053596.966851, 1657053598.7087636, 1657053602.712884, 1657053604.417022, 1657053606.1541605, 1657053607.7703905, 1657053609.528211, 1657053611.3042998, 1657053613.0728238, 1657053616.9805791, 1657053618.7353241, 1657053620.2947388, 1657053621.7628121, 1657053623.425652, 1657053625.1189752, 1657053629.1134496, 1657053630.8177495, 1657053632.3071487, 1657053633.9159753, 1657053635.703692, 1657053637.450961, 1657053639.2107341, 1657053643.4421551, 1657053645.038275, 1657053646.6837666, 1657053648.640809, 1657053650.412488, 1657053652.5118344, 1657053654.5202677, 1657053659.0904913, 1657053660.9401531, 1657053663.0180242, 1657053664.9938982, 1657053667.0967202, 1657053669.1800013, 1657053673.910619, 1657053675.9306521, 1657053677.734196, 1657053679.8846, 1657053681.896927, 1657053683.9246056, 1657053686.2098706, 1657053693.16615, 1657053695.1943371, 1657053697.314818, 1657053699.4502609, 1657053701.601568, 1657053703.8662574, 1657053706.0511715, 1657053713.2590644, 1657053715.3383355, 1657053717.5112138, 1657053719.641565, 1657053721.8466315, 1657053724.029349, 1657053730.886402, 1657053733.1339858, 1657053735.355507, 1657053737.5350966, 1657053739.7072065, 1657053741.587393, 1657053743.4422505, 1657053749.6671958, 1657053751.7949204, 1657053753.9058182, 1657053756.227548, 1657053758.2537508, 1657053760.1430025, 1657053762.3367517, 1657053769.1476562, 1657053771.3354197, 1657053773.5806274, 1657053775.3378117, 1657053777.2360244, 1657053779.3963141, 1657053786.3290148, 1657053788.7153518, 1657053791.073202, 1657053793.0255077, 1657053795.2517557, 1657053797.5551805, 1657053799.8088925, 1657053807.480643, 1657053809.7095773, 1657053811.7301476, 1657053813.9858549, 1657053816.216856, 1657053818.518982, 1657053821.0646908, 1657053828.0798109, 1657053830.3440096, 1657053832.7116332, 1657053834.8253968, 1657053837.3045692, 1657053839.874458, 1657053847.729163, 1657053850.2956772, 1657053853.1047835, 1657053855.5707383, 1657053858.2178597, 1657053860.7844496, 1657053863.3872216, 1657053870.9521372, 1657053873.3451598, 1657053875.5272644, 1657053878.0436416, 1657053880.5314207, 1657053883.1541207, 1657053885.6717482, 1657053893.531708, 1657053896.0751517, 1657053898.6752543, 1657053901.1224217, 1657053903.8626792, 1657053906.5453882, 1657053914.016873, 1657053916.6030421, 1657053919.2272756, 1657053921.8514125, 1657053924.419721, 1657053926.9010594, 1657053929.4367266, 1657053937.476422, 1657053939.8068042, 1657053942.3914442, 1657053945.0268955, 1657053947.5014553, 1657053949.923507, 1657053952.4519823, 1657053960.8608377, 1657053963.461826, 1657053966.0030682, 1657053968.3691866, 1657053970.847546, 1657053973.2025237, 1657053981.193795, 1657053983.8420954, 1657053986.4457996, 1657053988.8067124, 1657053991.2165024, 1657053993.7106216, 1657053996.3404348, 1657054004.3941114, 1657054007.01852, 1657054009.4895878, 1657054011.915551, 1657054014.418514, 1657054016.95012, 1657054019.3951604, 1657054026.4144242, 1657054028.874717, 1657054031.2054327, 1657054033.678681, 1657054036.2434447, 1657054038.671102, 1657054046.6672194, 1657054049.0853164, 1657054051.445938, 1657054053.938469, 1657054056.4939933, 1657054058.9835, 1657054061.5688148, 1657054069.5416555, 1657054071.907339, 1657054074.3556757, 1657054076.9736917, 1657054079.3654344, 1657054081.8581812, 1657054084.4600966, 1657054092.318987, 1657054094.668998, 1657054097.2232385, 1657054099.7356393, 1657054102.2185771, 1657054104.9019349, 1657054113.9759035, 1657054116.652578, 1657054119.5133417, 1657054122.0493524, 1657054124.7443883, 1657054127.2029736, 1657054129.5712192, 1657054137.7734118, 1657054140.5659788, 1657054143.0564194, 1657054145.6624784, 1657054147.9729812, 1657054150.503603, 1657054152.8173475, 1657054161.1923115, 1657054163.706582, 1657054165.951888, 1657054168.2707613, 1657054170.9159026, 1657054173.2567124, 1657054181.1615806, 1657054183.8413947, 1657054186.2806067, 1657054188.475427, 1657054191.0619366, 1657054193.458292, 1657054196.1057234, 1657054204.820621, 1657054207.1083353, 1657054209.51421, 1657054211.8864484, 1657054214.3739343, 1657054217.1158123, 1657054219.8443828, 1657054228.1028671, 1657054230.4968436, 1657054232.8314493, 1657054235.3368447, 1657054238.0582192, 1657054240.7908866, 1657054248.3492541, 1657054250.8668303, 1657054253.1645188, 1657054255.7296772, 1657054258.4654782, 1657054261.1931598, 1657054263.7764795, 1657054271.7807474, 1657054274.0088851, 1657054276.4802353, 1657054279.0840962, 1657054281.674405, 1657054284.1483653, 1657054286.6568131, 1657054294.832307, 1657054297.318299, 1657054300.0898235, 1657054302.5601873, 1657054305.2030704, 1657054307.7619314, 1657054315.667713, 1657054318.2715166, 1657054320.8294284, 1657054323.3353503, 1657054325.918006, 1657054328.389674, 1657054330.910414, 1657054339.535579, 1657054342.0266144, 1657054344.7038918, 1657054347.324643, 1657054349.625596, 1657054352.2592556, 1657054354.7298968, 1657054363.7238991, 1657054366.3187902, 1657054368.5392325, 1657054370.8988845, 1657054373.3865683, 1657054375.7251406, 1657054383.4348829, 1657054385.6543202, 1657054387.8574176, 1657054390.2199657, 1657054392.6770914, 1657054395.1796782, 1657054397.391074, 1657054405.819686, 1657054408.1164515, 1657054410.4807143, 1657054412.9592583, 1657054415.244801, 1657054417.584084, 1657054419.9492383, 1657054428.6670117, 1657054431.1674726, 1657054433.3203814, 1657054435.4038494, 1657054437.7756639, 1657054440.2143946],