{"initial_reset_timestamp": 1657053639.2385874, "timestamps": [1657053639.4687598, 1657053639.708475, 1657053639.9404683, 1657053640.171993, 1657053640.3926542, 1657053640.6151302, 1657053640.8285005, 1657053644.058231, 1657053644.2694087, 1657053644.4799216, 1657053644.6930983, 1657053644.9298756, 1657053645.1358016, 1657053645.3554778, 1657053649.0526102, 1657053649.2891936, 1657053649.523076, 1657053649.7665243, 1657053650.0060751, 1657053650.2396934, 1657053650.4702466, 1657053664.5192113, 1657053664.7785983, 1657053665.0361276, 1657053665.2831936, 1657053665.5261693, 1657053665.7694533, 1657053666.00756, 1657053680.9059665, 1657053681.1525438, 1657053681.4089499, 1657053681.659934, 1657053681.903662, 1657053682.1462379, 1657053682.3947968, 1657053697.516628, 1657053697.7769022, 1657053698.0390735, 1657053698.3008618, 1657053698.5563965, 1657053698.8192878, 1657053699.0800698, 1657053713.6595912, 1657053713.911339, 1657053714.1824403, 1657053714.443368, 1657053714.7085423, 1657053714.977069, 1657053715.2397108, 1657053730.1741164, 1657053730.4161882, 1657053730.659332, 1657053730.9072866, 1657053731.1702092, 1657053731.4415307, 1657053731.705093, 1657053746.6924582, 1657053746.9389358, 1657053747.1956532, 1657053747.4501705, 1657053747.6994047, 1657053747.945716, 1657053748.1957595, 1657053763.3834376, 1657053763.6234365, 1657053763.8592658, 1657053764.0938444, 1657053764.394866, 1657053764.637678, 1657053764.8783228, 1657053780.0609672, 1657053780.3357346, 1657053780.6153843, 1657053780.9173603, 1657053781.1816669, 1657053781.4321163, 1657053781.6778946, 1657053797.4150648, 1657053797.6634595, 1657053797.9623063, 1657053798.2554562, 1657053798.5520375, 1657053798.907472, 1657053799.1909676, 1657053815.4263473, 1657053815.7240002, 1657053816.0158403, 1657053816.2828326, 1657053816.571231, 1657053816.8411517, 1657053817.1277614, 1657053833.9149654, 1657053834.209575, 1657053834.5071855, 1657053834.822529, 1657053835.1322753, 1657053835.4360292, 1657053835.7415857, 1657053854.2798917, 1657053854.606476, 1657053854.9054365, 1657053855.2215514, 1657053855.5384545, 1657053855.8355079, 1657053856.1413589, 1657053874.560748, 1657053874.864965, 1657053875.1723099, 1657053875.4896533, 1657053875.7903392, 1657053876.1004803, 1657053876.4181933, 1657053894.5410807, 1657053894.8468893, 1657053895.1616669, 1657053895.480137, 1657053895.7725425, 1657053896.0834174, 1657053896.4239104, 1657053914.2449498, 1657053914.5464523, 1657053914.8865395, 1657053915.2143495, 1657053915.5511174, 1657053915.888701, 1657053916.2173755, 1657053934.0005457, 1657053934.302528, 1657053934.6191628, 1657053934.9314919, 1657053935.22193, 1657053935.524484, 1657053935.823691, 1657053954.0873618, 1657053954.3905241, 1657053954.7008038, 1657053954.9988556, 1657053955.2923298, 1657053955.5742798, 1657053955.8722587, 1657053973.9392078, 1657053974.2573335, 1657053974.5682654, 1657053974.8895545, 1657053975.2135162, 1657053975.5221562, 1657053975.8249464, 1657053994.231276, 1657053994.6180801, 1657053994.9287648, 1657053995.2405326, 1657053995.5539656, 1657053995.8573222, 1657053996.169487, 1657054013.93803, 1657054014.2252364, 1657054014.5243285, 1657054014.8462622, 1657054015.1657622, 1657054015.487549, 1657054015.7982147, 1657054033.6363757, 1657054033.9322803, 1657054034.2538698, 1657054034.5723274, 1657054034.8882804, 1657054035.2400413, 1657054035.558365, 1657054053.4005444, 1657054053.7196186, 1657054054.0159376, 1657054054.3369308, 1657054054.6712377, 1657054054.9841075, 1657054055.29603, 1657054073.050908, 1657054073.3597145, 1657054073.6680055, 1657054073.9760501, 1657054074.269743, 1657054074.5674136, 1657054074.8827102, 1657054093.1192014, 1657054093.4114678, 1657054093.7033968, 1657054094.0126305, 1657054094.3226888, 1657054094.6315491, 1657054094.9463098, 1657054112.7867298, 1657054113.076281, 1657054113.3716953, 1657054113.6715531, 1657054113.9854178, 1657054114.290626, 1657054114.6005552, 1657054132.576806, 1657054132.8556962, 1657054133.1919978, 1657054133.5072892, 1657054133.8058937, 1657054134.0907433, 1657054134.4059472, 1657054152.702508, 1657054152.9908886, 1657054153.2920158, 1657054153.559897, 1657054153.8863416, 1657054154.210602, 1657054154.5019996, 1657054172.6739678, 1657054172.9779592, 1657054173.2751362, 1657054173.6243675, 1657054173.9355872, 1657054174.308129, 1657054174.611118, 1657054191.7350047, 1657054192.0145621, 1657054192.322633, 1657054192.633296, 1657054192.932511, 1657054193.245642, 1657054193.530922, 1657054211.2377079, 1657054211.528264, 1657054211.8167663, 1657054212.1090882, 1657054212.4014838, 1657054212.696146, 1657054212.9916847, 1657054231.2128875, 1657054231.4796197, 1657054231.74134, 1657054232.029008, 1657054232.3110988, 1657054232.5687778, 1657054232.843673, 1657054250.553433, 1657054250.840305, 1657054251.148277, 1657054251.42785, 1657054251.6964817, 1657054251.9712615, 1657054252.2429655, 1657054270.4166703, 1657054270.7124836, 1657054271.0292761, 1657054271.4191322, 1657054271.685763, 1657054271.9440246, 1657054272.2294703, 1657054290.3924491, 1657054290.6863668, 1657054290.9805455, 1657054291.2781026, 1657054291.5552673, 1657054291.8462555, 1657054292.1189444, 1657054309.5608656, 1657054309.8901174, 1657054310.1902823, 1657054310.460688, 1657054310.7554681, 1657054311.0483613, 1657054311.3535755, 1657054329.1082933, 1657054329.3966353, 1657054329.693232, 1657054330.0043795, 1657054330.3043463, 1657054330.6001165, 1657054330.9052114, 1657054348.3389275, 1657054348.5299454, 1657054348.7323272, 1657054348.9539797, 1657054349.2009797, 1657054349.4026132, 1657054349.584726, 1657054349.8047175, 1657054350.0355449, 1657054350.2462938, 1657054350.4540002, 1657054350.617269, 1657054350.8463075, 1657054368.2262304, 1657054368.457635, 1657054368.661115, 1657054368.8397372, 1657054369.0139885, 1657054369.1552308, 1657054369.3380039, 1657054369.5244303, 1657054369.6914124, 1657054369.8837047, 1657054370.0874624, 1657054370.2704813, 1657054370.4971116, 1657054370.710965, 1657054370.88031, 1657054371.0678344, 1657054386.7032497, 1657054386.9234157, 1657054387.0765817, 1657054387.2631888, 1657054387.4231153, 1657054387.628256, 1657054387.9052207, 1657054388.1315455, 1657054388.3504298, 1657054388.5157647, 1657054388.8080275, 1657054388.9624615, 1657054404.7819138, 1657054404.9998477, 1657054405.145264, 1657054405.2896287, 1657054405.493995, 1657054405.7007296, 1657054405.8953047, 1657054406.0623362, 1657054406.2761178, 1657054406.4436848, 1657054406.6952863, 1657054406.8920476, 1657054407.1103535, 1657054407.2964032, 1657054424.18204, 1657054424.357833, 1657054424.527831, 1657054424.7826686, 1657054425.0131586, 1657054425.2007685, 1657054425.415873, 1657054425.551848, 1657054425.6993582, 1657054425.8902204, 1657054426.096143, 1657054426.2893772, 1657054442.9805496, 1657054443.238171, 1657054443.4925973, 1657054443.6702933, 1657054443.8142858, 1657054444.0684347, 1657054444.3106444, 1657054444.5508113, 1657054459.3847752, 1657054459.5354793, 1657054459.7377207, 1657054459.9883327, 1657054460.1901581, 1657054460.363659, 1657054460.5112398, 1657054460.7004983, 1657054460.8983831, 1657054461.091469, 1657054461.2451394, 1657054461.3930883, 1657054461.576333, 1657054475.786951, 1657054475.9485412, 1657054476.104301, 1657054476.2575972, 1657054476.4867842, 1657054476.6320484, 1657054476.8121777, 1657054477.069789, 1657054477.2460186, 1657054477.4348323, 1657054477.6372383, 1657054477.8204467, 1657054492.4388459, 1657054492.677005, 1657054492.8760502, 1657054493.1176152, 1657054493.3612723, 1657054493.5094337, 1657054493.7435894, 1657054493.97826, 1657054508.8381608, 1657054509.0735312, 1657054509.3115427, 1657054509.5750978, 1657054509.8141212, 1657054510.0482934, 1657054510.2855887, 1657054525.2166955, 1657054525.4627857, 1657054525.7183564, 1657054525.9675655, 1657054526.2015562, 1657054526.4340038, 1657054526.6657586],