{"initial_reset_timestamp": 1657053634.802196, "timestamps": [1657053640.8977296, 1657053641.1803772, 1657053641.6053643, 1657053642.0080512, 1657053642.401444, 1657053642.7884977, 1657053645.4474232, 1657053645.8297825, 1657053646.245066, 1657053646.663535, 1657053647.0448868, 1657053647.4256053, 1657053647.8025322, 1657053651.8465536, 1657053653.812774, 1657053655.6033142, 1657053657.52377, 1657053659.3872669, 1657053661.1798675, 1657053663.3247166, 1657053668.0673494, 1657053670.3370867, 1657053672.4223695, 1657053674.4284878, 1657053676.4709187, 1657053678.429413, 1657053683.0750844, 1657053685.2722707, 1657053687.3967268, 1657053689.4644704, 1657053691.5814614, 1657053692.9347897, 1657053694.9093657, 1657053699.69187, 1657053701.906332, 1657053704.1554422, 1657053706.3626876, 1657053708.2883139, 1657053710.0352225, 1657053711.708384, 1657053716.6039567, 1657053718.8088005, 1657053721.0078886, 1657053723.1949399, 1657053725.348535, 1657053727.024486, 1657053728.9778762, 1657053733.627075, 1657053735.890389, 1657053738.1405706, 1657053740.191971, 1657053742.1676505, 1657053744.2155733, 1657053748.4025004, 1657053750.6583314, 1657053752.925699, 1657053755.2098706, 1657053757.3092537, 1657053758.9541016, 1657053761.1299384, 1657053765.5972593, 1657053767.581215, 1657053769.776338, 1657053772.0955176, 1657053774.2225425, 1657053776.0022905, 1657053778.2695107, 1657053783.0643373, 1657053785.0290425, 1657053787.1271892, 1657053789.5777938, 1657053791.8008926, 1657053793.9922833, 1657053799.2914445, 1657053801.6876779, 1657053803.7381008, 1657053805.935621, 1657053808.3430436, 1657053810.493718, 1657053812.7938619, 1657053818.0280418, 1657053820.6268742, 1657053822.7035685, 1657053824.6940894, 1657053827.0966485, 1657053829.2891827, 1657053831.1513612, 1657053836.5422928, 1657053839.227809, 1657053841.7993162, 1657053844.3641336, 1657053846.828181, 1657053848.950308, 1657053851.609119, 1657053857.3808286, 1657053859.9543355, 1657053862.6490924, 1657053865.300786, 1657053867.6220002, 1657053870.0437179, 1657053872.8456779, 1657053876.9781787, 1657053879.6459973, 1657053882.2014687, 1657053884.8599432, 1657053887.2184126, 1657053889.5996413, 1657053892.1556723, 1657053897.8685737, 1657053900.368343, 1657053903.1512847, 1657053905.8171406, 1657053908.3339136, 1657053910.598455, 1657053912.7478898, 1657053918.4248633, 1657053920.9266233, 1657053923.6072676, 1657053926.2048213, 1657053928.6388829, 1657053931.1610887, 1657053936.3829248, 1657053938.9102802, 1657053941.4828002, 1657053944.154379, 1657053946.7665088, 1657053949.2591481, 1657053951.751119, 1657053957.173013, 1657053959.682593, 1657053962.344793, 1657053964.988585, 1657053967.453989, 1657053969.886837, 1657053972.3627434, 1657053976.8449373, 1657053979.2665076, 1657053981.8924918, 1657053984.682461, 1657053987.1708665, 1657053989.7185328, 1657053992.2283041, 1657053997.8237717, 1657054000.1929607, 1657054002.3116572, 1657054004.9761906, 1657054007.5076632, 1657054009.895969, 1657054012.3556252, 1657054017.9172268, 1657054020.4916482, 1657054023.075397, 1657054025.5971594, 1657054028.025186, 1657054030.4788172, 1657054036.076683, 1657054038.588359, 1657054041.1241195, 1657054043.6835468, 1657054046.0776215, 1657054047.0578861, 1657054049.4254732, 1657054051.9028337, 1657054057.5831475, 1657054060.1395297, 1657054062.830777, 1657054065.371969, 1657054067.8643792, 1657054070.2298083, 1657054075.4702377, 1657054078.1380143, 1657054080.7169795, 1657054083.4030364, 1657054085.9420562, 1657054088.3926814, 1657054090.8249726, 1657054096.44439, 1657054099.1213121, 1657054101.6880941, 1657054104.316115, 1657054106.4342568, 1657054108.6277199, 1657054110.9555438, 1657054116.4557717, 1657054119.1913831, 1657054121.7603297, 1657054124.4516764, 1657054126.9335873, 1657054129.2593982, 1657054134.5193222, 1657054137.0460875, 1657054139.7104626, 1657054142.303406, 1657054144.8977757, 1657054147.4284632, 1657054150.0203187, 1657054155.4185266, 1657054157.9005618, 1657054160.48959, 1657054163.1279178, 1657054165.7100766, 1657054168.145718, 1657054170.7996714, 1657054176.3552516, 1657054178.7683084, 1657054181.199135, 1657054183.8104763, 1657054186.2140195, 1657054188.3071067, 1657054193.6498039, 1657054196.3265986, 1657054198.7725515, 1657054201.1479518, 1657054203.7417457, 1657054206.238654, 1657054208.5704014, 1657054213.9595103, 1657054216.6713262, 1657054219.3728845, 1657054221.90323, 1657054224.3638947, 1657054226.728165, 1657054229.215182, 1657054234.5781107, 1657054237.3810928, 1657054240.1193361, 1657054242.8438306, 1657054245.087459, 1657054247.2512074, 1657054252.3564086, 1657054254.8016996, 1657054257.4590228, 1657054260.0981112, 1657054262.7769802, 1657054265.3434258, 1657054267.727097, 1657054273.0950172, 1657054275.5368023, 1657054278.248166, 1657054280.902611, 1657054283.4661417, 1657054286.1333718, 1657054288.48969, 1657054293.578458, 1657054295.883499, 1657054298.5097268, 1657054301.166044, 1657054303.5668876, 1657054306.1219838, 1657054311.4684298, 1657054313.8114028, 1657054316.027936, 1657054318.6248016, 1657054321.191863, 1657054323.7738328, 1657054326.5389056, 1657054331.8661678, 1657054334.035579, 1657054336.2817225, 1657054338.6962094, 1657054341.2089677, 1657054343.8571446, 1657054346.5062666, 1657054352.707518, 1657054355.2134688, 1657054357.5566506, 1657054359.8592613, 1657054362.1652496, 1657054364.80264, 1657054367.1042166, 1657054373.3816962, 1657054375.7257137, 1657054377.9890146, 1657054379.7992687, 1657054381.9336522, 1657054384.1481102, 1657054389.6533694, 1657054392.1649597, 1657054394.56867, 1657054396.823712, 1657054398.912982, 1657054400.9510515, 1657054402.9973218, 1657054408.8278427, 1657054411.3340535, 1657054413.889932, 1657054416.1498525, 1657054418.5123959, 1657054421.0014474, 1657054423.0506685, 1657054428.7080371, 1657054431.2896156, 1657054433.5040066, 1657054435.7497325, 1657054438.1063259, 1657054440.4047112, 1657054445.2099743, 1657054447.3850777, 1657054449.467269, 1657054451.4096215, 1657054453.4095664, 1657054455.5616295, 1657054457.6465435, 1657054462.8958647, 1657054464.9152179, 1657054466.7955816, 1657054468.630807, 1657054470.4931772, 1657054472.6098032, 1657054474.6665866, 1657054479.9031386, 1657054481.935999, 1657054484.0449674, 1657054485.9984698, 1657054487.9966261, 1657054490.1257114, 1657054494.642698, 1657054496.7924106, 1657054498.879904, 1657054501.0998714, 1657054503.04428, 1657054504.956619, 1657054507.0113745, 1657054511.6579177, 1657054513.8088117, 1657054515.8723617, 1657054518.108251, 1657054520.1441195, 1657054521.999914, 1657054524.0108337, 1657054528.4407196, 1657054530.2970564, 1657054532.3948648, 1657054534.556319, 1657054536.4667773, 1657054538.4400904],