{"initial_reset_timestamp": 1657053823.705085, "timestamps": [1657053824.0006394, 1657053824.2926352, 1657053824.5851104, 1657053824.8599322, 1657053825.156412, 1657053825.4273415, 1657053825.7044017, 1657053829.121084, 1657053829.3922808, 1657053829.6774397, 1657053829.9799242, 1657053830.265456, 1657053830.5533757, 1657053830.841925, 1657053834.7294183, 1657053835.0021112, 1657053835.2903214, 1657053835.5910604, 1657053835.9097745, 1657053836.2214434, 1657053836.5301228, 1657053854.6643064, 1657053854.936256, 1657053855.21791, 1657053855.5061264, 1657053855.7829645, 1657053856.0630734, 1657053856.3514068, 1657053873.5854177, 1657053873.8533287, 1657053874.124339, 1657053874.365661, 1657053874.6431644, 1657053874.922033, 1657053875.2087457, 1657053892.4009488, 1657053892.6966026, 1657053892.9923372, 1657053893.2766185, 1657053893.5489876, 1657053893.8083448, 1657053894.0832145, 1657053912.2057328, 1657053912.48928, 1657053912.7698002, 1657053913.0464923, 1657053913.2987094, 1657053913.5535927, 1657053913.8307216, 1657053932.3192914, 1657053932.584949, 1657053932.8647888, 1657053933.1189432, 1657053933.3724253, 1657053933.6201525, 1657053933.88338, 1657053952.3182967, 1657053952.5925212, 1657053952.8872128, 1657053953.1404688, 1657053953.3892634, 1657053953.6271694, 1657053953.8762014, 1657053971.8232327, 1657053972.109673, 1657053972.401608, 1657053972.7004795, 1657053972.983428, 1657053973.2598915, 1657053973.619579, 1657053991.3710966, 1657053991.6710765, 1657053991.9751728, 1657053992.287061, 1657053992.6005344, 1657053992.9018905, 1657053993.1891634, 1657054010.5258367, 1657054010.8111362, 1657054011.0900412, 1657054011.3825085, 1657054011.676805, 1657054011.9915168, 1657054012.3631115, 1657054030.9907105, 1657054031.2745574, 1657054031.557007, 1657054031.8477876, 1657054032.155435, 1657054032.4455607, 1657054032.7208445, 1657054050.1185048, 1657054050.3928146, 1657054050.675342, 1657054050.9886956, 1657054051.2721372, 1657054051.5528352, 1657054051.875264, 1657054069.7309146, 1657054070.0088007, 1657054070.2794142, 1657054070.550748, 1657054070.8365753, 1657054071.1215358, 1657054071.4000185, 1657054089.016974, 1657054089.29029, 1657054089.5785556, 1657054089.8521252, 1657054090.1406124, 1657054090.3996828, 1657054090.677466, 1657054108.7829719, 1657054109.0913475, 1657054109.3726366, 1657054109.6298983, 1657054109.91356, 1657054110.2005973, 1657054110.4573584, 1657054127.9082658, 1657054128.1894143, 1657054128.460236, 1657054128.7481275, 1657054129.0417478, 1657054129.3288798, 1657054129.6344879, 1657054147.763817, 1657054148.0699923, 1657054148.373208, 1657054148.698963, 1657054148.9840102, 1657054149.2861092, 1657054149.5943327, 1657054167.2031746, 1657054167.501325, 1657054167.81386, 1657054168.0996482, 1657054168.3646784, 1657054168.6700153, 1657054168.9494057, 1657054187.3456326, 1657054187.604991, 1657054187.8623025, 1657054188.1196065, 1657054188.371618, 1657054188.6098323, 1657054188.880614, 1657054206.1033134, 1657054206.3376718, 1657054206.596207, 1657054206.8645496, 1657054207.1185384, 1657054207.3921626, 1657054207.6596448, 1657054225.3853195, 1657054225.6436987, 1657054225.87515, 1657054226.1272016, 1657054226.407518, 1657054226.6829216, 1657054226.960118, 1657054244.7775218, 1657054245.051392, 1657054245.3240483, 1657054245.6075237, 1657054245.8749325, 1657054246.1466959, 1657054246.401728, 1657054264.0106697, 1657054264.3043299, 1657054264.5948784, 1657054264.8842711, 1657054265.1716046, 1657054265.4095042, 1657054265.686007, 1657054282.4815369, 1657054282.7779398, 1657054283.0760303, 1657054283.373425, 1657054283.657665, 1657054283.9540992, 1657054284.2239223, 1657054302.043525, 1657054302.339516, 1657054302.626174, 1657054302.9094644, 1657054303.189452, 1657054303.481701, 1657054303.757931, 1657054321.0455806, 1657054321.3098423, 1657054321.6143506, 1657054321.9138105, 1657054322.2158334, 1657054322.518786, 1657054322.8266263, 1657054340.285298, 1657054340.5880122, 1657054340.8768587, 1657054341.176944, 1657054341.489537, 1657054341.790277, 1657054342.092611, 1657054359.9059997, 1657054360.1681976, 1657054360.4212961, 1657054360.679583, 1657054360.9564133, 1657054361.2301533, 1657054361.507445, 1657054379.0440762, 1657054379.278077, 1657054379.5150018, 1657054379.754146, 1657054379.9780085, 1657054380.213246, 1657054380.4488728, 1657054397.0490701, 1657054397.3068972, 1657054397.5655975, 1657054397.827693, 1657054398.1673615, 1657054398.424497, 1657054398.6691933, 1657054414.4040763, 1657054414.646963, 1657054414.886664, 1657054415.1378448, 1657054415.3797548, 1657054415.633437, 1657054415.8838005, 1657054432.3234856, 1657054432.5879796, 1657054432.8365328, 1657054433.0831566, 1657054433.3280523, 1657054433.5699248, 1657054433.8218122, 1657054449.3484612, 1657054449.5748928, 1657054449.8205879, 1657054450.0697968, 1657054450.320485, 1657054450.556686, 1657054450.776302, 1657054465.4315517, 1657054465.6819515, 1657054465.9230456, 1657054466.1544363, 1657054466.3961012, 1657054466.6454847, 1657054466.8715093, 1657054481.2742789, 1657054481.3948064, 1657054481.6374395, 1657054481.8593585, 1657054482.0773478, 1657054482.332477, 1657054482.5706885, 1657054482.816363, 1657054497.2124884, 1657054497.4562593, 1657054497.6935217, 1657054497.9438858, 1657054498.184383, 1657054498.429598, 1657054498.673344, 1657054513.9856863, 1657054514.2302241, 1657054514.4845183, 1657054514.7386494, 1657054514.9943342, 1657054515.2473125, 1657054515.5671573, 1657054530.509186, 1657054530.7669919, 1657054531.01395, 1657054531.2675574, 1657054531.523925, 1657054531.7776222, 1657054532.032174, 1657054546.7649796, 1657054546.9824562, 1657054547.209054, 1657054547.4033585, 1657054547.630926, 1657054547.8576803, 1657054548.0833464, 1657054561.8691902, 1657054562.06868, 1657054562.21597, 1657054562.4075177, 1657054562.5717688, 1657054562.7711337, 1657054562.9764838, 1657054563.1789854, 1657054575.8289845, 1657054576.0224884, 1657054576.2154624, 1657054576.408438, 1657054576.6038473, 1657054576.7990918, 1657054576.9928193, 1657054589.1286774, 1657054589.3308313, 1657054589.5613148, 1657054589.7738872, 1657054589.9468617, 1657054590.1584089, 1657054590.365894, 1657054590.5726323, 1657054602.4026473, 1657054602.6034112, 1657054602.8035657, 1657054602.9973993, 1657054603.1936908, 1657054603.3939698, 1657054603.594831, 1657054616.164217, 1657054616.3735824, 1657054616.5862591, 1657054616.7986052, 1657054617.0156033, 1657054617.2243598, 1657054617.4347074, 1657054630.161258, 1657054630.3680637, 1657054630.5671244, 1657054630.7770426, 1657054630.9753716, 1657054631.1742163, 1657054631.3781562, 1657054644.2304277, 1657054644.4316275, 1657054644.6376944, 1657054644.8415813, 1657054645.0484085, 1657054645.2553482, 1657054645.4604337, 1657054645.6672704, 1657054658.5350344, 1657054658.8068914, 1657054658.9966009, 1657054659.191903, 1657054659.3822846, 1657054659.5780716, 1657054659.770127, 1657054672.263721, 1657054672.4680188, 1657054672.6746776, 1657054672.8813035, 1657054673.0720222, 1657054673.2755306, 1657054673.476383],