{"initial_reset_timestamp": 1657053818.8572676, "timestamps": [1657053825.7766209, 1657053826.0629268, 1657053826.5069997, 1657053826.9178784, 1657053827.3229022, 1657053827.723722, 1657053830.9439232, 1657053831.3482845, 1657053831.7584589, 1657053832.1689582, 1657053832.5619721, 1657053832.9612331, 1657053833.3487148, 1657053838.2196255, 1657053840.8333642, 1657053843.4003782, 1657053845.940082, 1657053848.3180459, 1657053850.8900561, 1657053853.4689941, 1657053858.7742255, 1657053861.2222424, 1657053863.8433588, 1657053866.2104828, 1657053868.2973323, 1657053870.6217246, 1657053875.9437168, 1657053878.496503, 1657053880.9408102, 1657053883.5929227, 1657053886.1697085, 1657053888.2167332, 1657053890.3554893, 1657053895.7010067, 1657053898.3313916, 1657053900.807743, 1657053903.4782815, 1657053906.0574796, 1657053908.6445792, 1657053910.9827073, 1657053916.2894547, 1657053918.9328027, 1657053921.5961988, 1657053924.277561, 1657053926.913942, 1657053929.5423589, 1657053934.6055558, 1657053937.2660468, 1657053939.872355, 1657053942.577098, 1657053945.1981127, 1657053947.7459033, 1657053950.251349, 1657053955.4694288, 1657053957.8689322, 1657053960.3559074, 1657053963.028525, 1657053965.6832266, 1657053968.0220306, 1657053970.5956306, 1657053975.9663956, 1657053978.444135, 1657053980.8575141, 1657053983.5275078, 1657053986.1021032, 1657053988.5384464, 1657053993.9537358, 1657053996.5350847, 1657053998.8733969, 1657054001.214747, 1657054003.58807, 1657054006.0750983, 1657054008.4520645, 1657054014.0199165, 1657054016.7211607, 1657054019.3408327, 1657054021.9167092, 1657054024.6437302, 1657054027.2313824, 1657054029.7015285, 1657054035.1387231, 1657054037.6718295, 1657054040.280212, 1657054042.7554235, 1657054045.1324906, 1657054047.359833, 1657054052.646456, 1657054055.1573982, 1657054057.7536988, 1657054060.375363, 1657054062.9981422, 1657054065.3457139, 1657054067.6761856, 1657054072.8540967, 1657054075.4327207, 1657054077.9223416, 1657054080.3464968, 1657054082.8815317, 1657054085.4455218, 1657054087.7783217, 1657054093.0516644, 1657054095.6479547, 1657054098.2678618, 1657054100.7454393, 1657054103.3324118, 1657054105.9914744, 1657054111.0749822, 1657054113.0942297, 1657054115.5208304, 1657054118.2740414, 1657054120.7954156, 1657054123.2633328, 1657054125.8486838, 1657054131.2113073, 1657054133.4557178, 1657054135.9723418, 1657054138.605014, 1657054141.171741, 1657054143.834174, 1657054146.3175695, 1657054151.964111, 1657054154.2552729, 1657054156.6861491, 1657054159.274603, 1657054162.000048, 1657054164.5232399, 1657054169.8097956, 1657054172.4585907, 1657054174.9543085, 1657054177.4556873, 1657054179.9358025, 1657054182.556947, 1657054185.1925197, 1657054190.5209801, 1657054192.7813432, 1657054195.170726, 1657054197.7461832, 1657054200.0940676, 1657054202.4324927, 1657054204.9150648, 1657054209.8707383, 1657054212.105529, 1657054214.5945191, 1657054217.3052576, 1657054220.096181, 1657054222.5280428, 1657054227.767547, 1657054230.16412, 1657054232.2947428, 1657054234.700832, 1657054237.3685925, 1657054240.1288407, 1657054242.7706225, 1657054247.759524, 1657054250.154302, 1657054252.3563883, 1657054254.7457538, 1657054257.3868854, 1657054260.0006015, 1657054262.6608522, 1657054267.7129488, 1657054269.999521, 1657054272.3370004, 1657054274.4813273, 1657054276.8798494, 1657054279.4963021, 1657054285.0739803, 1657054287.4855227, 1657054289.7309499, 1657054292.3377435, 1657054294.8824642, 1657054297.3500824, 1657054299.9820614, 1657054305.4226804, 1657054307.7960372, 1657054310.2242162, 1657054312.5425184, 1657054314.7800508, 1657054317.1926994, 1657054319.8175385, 1657054325.412626, 1657054327.9931436, 1657054330.4712064, 1657054332.954112, 1657054335.2923124, 1657054337.4467692, 1657054342.9220557, 1657054345.5803254, 1657054348.0270207, 1657054350.590998, 1657054353.169511, 1657054355.6377633, 1657054357.91394, 1657054363.1562645, 1657054365.8549423, 1657054368.1755147, 1657054370.4857593, 1657054373.070074, 1657054375.50064, 1657054377.8789976, 1657054382.6008983, 1657054384.9601402, 1657054387.0987966, 1657054389.3744416, 1657054391.843702, 1657054394.3208194, 1657054399.2681353, 1657054401.3421843, 1657054403.3841248, 1657054405.266594, 1657054407.6021152, 1657054410.032022, 1657054412.4343085, 1657054417.3136356, 1657054419.6933148, 1657054421.8220315, 1657054423.8670912, 1657054426.1900213, 1657054428.6493227, 1657054431.0982008, 1657054435.9640114, 1657054438.397785, 1657054440.6738808, 1657054442.7585354, 1657054444.7239826, 1657054446.7644286, 1657054451.3710053, 1657054453.3405206, 1657054455.4396002, 1657054457.482115, 1657054459.3813071, 1657054461.4211626, 1657054463.590501, 1657054468.197311, 1657054470.1263063, 1657054472.2167351, 1657054474.2797024, 1657054476.1370451, 1657054478.025766, 1657054480.0830364, 1657054484.7512841, 1657054486.6835895, 1657054488.7692232, 1657054490.9644034, 1657054492.781048, 1657054494.7203038, 1657054499.333705, 1657054501.536157, 1657054503.6416335, 1657054505.8492906, 1657054508.1460357, 1657054510.0399368, 1657054512.0319388, 1657054517.0121257, 1657054519.09854, 1657054521.0659502, 1657054523.1878147, 1657054525.2470047, 1657054527.3089042, 1657054529.3613694, 1657054534.1197283, 1657054536.2963808, 1657054538.4618537, 1657054540.598831, 1657054542.5396397, 1657054544.4901407, 1657054548.6717677, 1657054550.655952, 1657054552.582661, 1657054554.3234725, 1657054556.2436516, 1657054558.2327738, 1657054560.1903105, 1657054564.2563257, 1657054566.0090642, 1657054567.7398863, 1657054569.458646, 1657054571.2326672, 1657054572.9928854, 1657054574.7762804, 1657054578.637755, 1657054580.3819113, 1657054581.8935661, 1657054583.620379, 1657054585.3270948, 1657054586.9788663, 1657054591.1247604, 1657054592.8940265, 1657054594.6352632, 1657054596.4027045, 1657054598.1252933, 1657054599.4580672, 1657054600.8696434, 1657054604.6120992, 1657054606.3869762, 1657054608.1514452, 1657054609.8496392, 1657054611.6275396, 1657054613.34978, 1657054615.0691826, 1657054619.0995364, 1657054620.8819113, 1657054622.6687605, 1657054624.4663196, 1657054626.2331736, 1657054627.965645, 1657054631.9219778, 1657054633.709614, 1657054635.5013885, 1657054637.315787, 1657054639.1480958, 1657054640.9235291, 1657054642.688196, 1657054646.750224, 1657054648.522827, 1657054650.3034234, 1657054652.0984707, 1657054653.9083285, 1657054655.660693, 1657054657.4702897, 1657054661.3609748, 1657054663.1555665, 1657054664.9548097, 1657054666.7067125, 1657054668.3736486, 1657054670.1176293, 1657054673.9994757, 1657054675.7107892, 1657054677.4256985, 1657054679.1269047, 1657054680.878589, 1657054682.6687727, 1657054684.4354196],