{"initial_reset_timestamp": 1657053770.0880206, "timestamps": [1657053776.5524223, 1657053776.8342283, 1657053777.1495562, 1657053777.6511953, 1657053778.0614364, 1657053778.4647975, 1657053778.8638382, 1657053781.965225, 1657053782.3594086, 1657053782.7540383, 1657053783.1460626, 1657053783.5380511, 1657053783.9267547, 1657053787.5502014, 1657053789.9072683, 1657053792.024416, 1657053794.2202814, 1657053796.7151313, 1657053798.9638007, 1657053801.379961, 1657053806.167487, 1657053808.5699499, 1657053810.7174702, 1657053812.9956567, 1657053815.3413389, 1657053817.7383301, 1657053820.223686, 1657053825.3149397, 1657053827.7500033, 1657053830.068162, 1657053832.478533, 1657053834.8518307, 1657053837.4443653, 1657053842.9015288, 1657053845.2768397, 1657053847.3978686, 1657053849.7385933, 1657053852.3194354, 1657053854.8300896, 1657053857.4015265, 1657053863.2407374, 1657053865.7367408, 1657053868.0169556, 1657053870.5346606, 1657053873.2081664, 1657053875.5490744, 1657053878.2384512, 1657053883.8606572, 1657053886.434837, 1657053888.6366253, 1657053891.0617476, 1657053893.599577, 1657053896.243569, 1657053901.9290907, 1657053904.5622785, 1657053907.1062274, 1657053909.6423824, 1657053912.0180373, 1657053914.452828, 1657053917.0581255, 1657053922.7168455, 1657053925.3208954, 1657053927.870294, 1657053930.3232567, 1657053932.5000496, 1657053934.578075, 1657053936.9455507, 1657053942.598921, 1657053945.2677507, 1657053947.788652, 1657053950.3161645, 1657053952.8772137, 1657053955.2137852, 1657053960.6917477, 1657053963.3445876, 1657053965.8835762, 1657053968.3462756, 1657053970.914415, 1657053973.4529524, 1657053975.9621954, 1657053981.5569992, 1657053984.2532344, 1657053986.8044527, 1657053989.2311707, 1657053991.6901457, 1657053994.145719, 1657053996.6589167, 1657054002.0598905, 1657054004.6894472, 1657054007.140124, 1657054009.619643, 1657054012.2439473, 1657054014.8663247, 1657054020.5578027, 1657054023.132636, 1657054025.739626, 1657054028.2927127, 1657054030.6967819, 1657054033.1029158, 1657054035.6806154, 1657054041.3762314, 1657054043.9362538, 1657054046.4119332, 1657054048.7862961, 1657054051.1817188, 1657054053.7691748, 1657054056.36865, 1657054062.0068815, 1657054064.5355804, 1657054066.8803678, 1657054069.3911104, 1657054071.816156, 1657054074.1865828, 1657054081.2661388, 1657054083.9580624, 1657054086.4050183, 1657054088.6960008, 1657054091.1665592, 1657054093.520287, 1657054096.2549376, 1657054103.8712835, 1657054106.4653997, 1657054108.7281566, 1657054111.0164676, 1657054113.1704333, 1657054115.8148367, 1657054118.5278866, 1657054125.7709374, 1657054128.2704635, 1657054130.8061426, 1657054132.9878206, 1657054135.435214, 1657054138.1400256, 1657054145.8293507, 1657054148.337624, 1657054151.0251026, 1657054153.3553257, 1657054155.8624244, 1657054158.4563797, 1657054161.1622946, 1657054168.7729552, 1657054171.5785534, 1657054174.2462387, 1657054176.82343, 1657054179.2694535, 1657054181.844679, 1657054184.5022135, 1657054191.8572822, 1657054194.1006744, 1657054196.7071815, 1657054199.1130416, 1657054201.4882867, 1657054203.8952582, 1657054211.1430566, 1657054213.6730201, 1657054216.3769953, 1657054219.1922324, 1657054221.7406976, 1657054224.278474, 1657054226.6642628, 1657054234.4030647, 1657054237.2212312, 1657054239.9815443, 1657054242.6572194, 1657054245.041563, 1657054247.2623856, 1657054249.6337333, 1657054256.9026086, 1657054259.576892, 1657054262.2780344, 1657054264.7509584, 1657054267.0465455, 1657054269.3231964, 1657054276.4340587, 1657054279.057539, 1657054281.7119281, 1657054284.3084633, 1657054286.8896332, 1657054289.2774816, 1657054291.4807458, 1657054298.924706, 1657054301.5748541, 1657054304.2339785, 1657054306.8475912, 1657054309.2412827, 1657054311.6522224, 1657054314.0001292, 1657054321.2139466, 1657054323.8332095, 1657054326.5492127, 1657054328.918904, 1657054331.3972075, 1657054333.8656263, 1657054340.777668, 1657054343.3577423, 1657054346.1051514, 1657054348.5509458, 1657054350.9415324, 1657054353.3926337, 1657054355.7109158, 1657054362.1663795, 1657054364.869553, 1657054367.3967228, 1657054369.6839259, 1657054372.2145598, 1657054374.6365676, 1657054377.0161734, 1657054382.6004763, 1657054384.8083775, 1657054387.002255, 1657054389.3625076, 1657054391.907017, 1657054394.3312705, 1657054399.7851264, 1657054401.9945867, 1657054403.995926, 1657054406.1030455, 1657054408.4582386, 1657054410.9548888, 1657054413.3838263, 1657054419.3508458, 1657054421.616839, 1657054423.6513479, 1657054425.5625627, 1657054427.7643025, 1657054430.1032813, 1657054432.357088, 1657054438.2335527, 1657054440.520601, 1657054442.5647073, 1657054444.5305822, 1657054446.7506628, 1657054448.8434978, 1657054454.474826, 1657054456.6649315, 1657054458.6497087, 1657054460.4317822, 1657054462.5595095, 1657054464.7076578, 1657054466.7207446, 1657054472.233739, 1657054474.2720125, 1657054476.0637891, 1657054477.944806, 1657054480.1276553, 1657054482.0113482, 1657054483.9527194, 1657054489.5365398, 1657054491.6115277, 1657054493.439958, 1657054495.612515, 1657054497.6730487, 1657054499.8124592, 1657054505.55202, 1657054507.7864335, 1657054509.6662574, 1657054511.6410766, 1657054513.62891, 1657054515.5288765, 1657054517.587363, 1657054522.9388905, 1657054524.9595795, 1657054527.0351765, 1657054529.108074, 1657054530.9580736, 1657054533.1653917, 1657054535.435967, 1657054541.0431237, 1657054542.8058147, 1657054544.6144903, 1657054546.4217439, 1657054548.1677277, 1657054550.0218909, 1657054555.3211343, 1657054557.2253337, 1657054559.0812066, 1657054560.82553, 1657054562.2733884, 1657054563.7005079, 1657054565.331632, 1657054570.1130683, 1657054571.8381352, 1657054573.5900698, 1657054575.3405967, 1657054576.9690506, 1657054578.726269, 1657054580.4460638, 1657054586.0273695, 1657054587.7850583, 1657054589.518395, 1657054591.2693758, 1657054592.950719, 1657054594.6925223, 1657054600.3241305, 1657054602.0744529, 1657054603.813864, 1657054605.5570114, 1657054607.3121545, 1657054609.037156, 1657054610.8148482, 1657054615.905968, 1657054617.5940585, 1657054619.316337, 1657054621.0666523, 1657054622.8063884, 1657054624.604809, 1657054626.4379978, 1657054631.9325378, 1657054633.740615, 1657054635.5180178, 1657054637.2982416, 1657054639.0360065, 1657054640.7567558, 1657054646.191149, 1657054648.0321112, 1657054649.877419, 1657054651.5689282, 1657054653.3056448, 1657054655.0832427, 1657054656.8272195, 1657054662.46842, 1657054664.1868448, 1657054665.9584682, 1657054667.7212873, 1657054669.4805171, 1657054671.2460225, 1657054672.9728684, 1657054678.4123569, 1657054680.2318385, 1657054682.0156512, 1657054683.7826922, 1657054685.5065172, 1657054687.140652],