{"initial_reset_timestamp": 1657053650.867041, "timestamps": [1657053651.121081, 1657053651.3963022, 1657053651.7202668, 1657053651.9621854, 1657053652.2357829, 1657053652.4853928, 1657053652.7304847, 1657053655.9806278, 1657053656.218886, 1657053656.4582617, 1657053656.720547, 1657053656.9656768, 1657053657.2034628, 1657053657.4423838, 1657053661.1860876, 1657053661.437413, 1657053661.688855, 1657053661.9443986, 1657053662.1876469, 1657053662.4406652, 1657053662.6919682, 1657053677.315909, 1657053677.5547698, 1657053677.7797875, 1657053678.0244412, 1657053678.269927, 1657053678.5035686, 1657053678.7504644, 1657053693.5364585, 1657053693.788036, 1657053694.0369954, 1657053694.2883198, 1657053694.542901, 1657053694.8148468, 1657053695.0642269, 1657053709.9594185, 1657053710.1617002, 1657053710.382715, 1657053710.6048172, 1657053710.8098965, 1657053711.0168383, 1657053711.2430954, 1657053726.3443472, 1657053726.5607767, 1657053726.779827, 1657053726.9990408, 1657053727.2198222, 1657053727.4503613, 1657053727.683289, 1657053742.2148077, 1657053742.4574265, 1657053742.7101698, 1657053742.9565663, 1657053743.1993797, 1657053743.444862, 1657053743.72931, 1657053758.2149677, 1657053758.4553099, 1657053758.6995678, 1657053758.9408824, 1657053759.184413, 1657053759.4355056, 1657053759.685698, 1657053774.8056664, 1657053775.0575228, 1657053775.311469, 1657053775.5598576, 1657053775.8131952, 1657053776.0609167, 1657053776.3097167, 1657053791.8412194, 1657053792.0731456, 1657053792.3240159, 1657053792.5843923, 1657053792.8376853, 1657053793.0894325, 1657053793.3480513, 1657053809.5222945, 1657053809.7749984, 1657053810.1200395, 1657053810.3916514, 1657053810.6559634, 1657053810.9253206, 1657053811.19724, 1657053828.1708272, 1657053828.4359188, 1657053828.696277, 1657053828.957228, 1657053829.2250543, 1657053829.4865346, 1657053829.7622674, 1657053846.8127437, 1657053847.1307247, 1657053847.4227643, 1657053847.71252, 1657053847.9927995, 1657053848.2879307, 1657053848.5857732, 1657053866.230829, 1657053866.4976766, 1657053866.7923675, 1657053867.0602455, 1657053867.33821, 1657053867.6460695, 1657053867.9099367, 1657053885.8341665, 1657053886.1395228, 1657053886.417433, 1657053886.7017233, 1657053886.968929, 1657053887.2269654, 1657053887.4912305, 1657053905.6644242, 1657053905.9686341, 1657053906.2287502, 1657053906.4477432, 1657053906.706802, 1657053907.0160623, 1657053907.3067632, 1657053907.606052, 1657053925.8581195, 1657053926.1622016, 1657053926.4567864, 1657053926.7571414, 1657053926.9268818, 1657053927.2139487, 1657053927.5362225, 1657053927.8447125, 1657053946.018552, 1657053946.32568, 1657053946.6352594, 1657053946.926892, 1657053947.2308738, 1657053947.5309567, 1657053947.8020551, 1657053965.7150645, 1657053966.0142388, 1657053966.233641, 1657053966.46343, 1657053966.7422574, 1657053967.0051908, 1657053967.1759539, 1657053967.468358, 1657053967.7781053, 1657053967.9566908, 1657053968.107842, 1657053968.3004458, 1657053986.1487243, 1657053986.3552897, 1657053986.6659582, 1657053986.995, 1657053987.170079, 1657053987.5331986, 1657053987.722105, 1657053988.0249386, 1657053988.2500615, 1657053988.5368035, 1657054006.585959, 1657054006.9799356, 1657054007.1623158, 1657054007.3767052, 1657054007.6839736, 1657054007.9943, 1657054008.2925375, 1657054008.5525644, 1657054025.7903805, 1657054026.1085331, 1657054026.3152604, 1657054026.5282907, 1657054026.7954266, 1657054026.9980192, 1657054027.2861798, 1657054027.6071115, 1657054027.7961514, 1657054027.9768932, 1657054028.2883081, 1657054046.0931506, 1657054046.3717113, 1657054046.6544764, 1657054046.9729114, 1657054047.1430528, 1657054047.3651376, 1657054047.5344403, 1657054047.8561916, 1657054048.0442567, 1657054048.3403256, 1657054048.5116024, 1657054066.1218064, 1657054066.4283175, 1657054066.7474139, 1657054067.0392654, 1657054067.3548799, 1657054067.556969, 1657054067.8351984, 1657054068.1088028, 1657054086.2358596, 1657054086.5081394, 1657054086.8375156, 1657054087.1929383, 1657054087.4786892, 1657054087.786549, 1657054088.0957205, 1657054106.0306573, 1657054106.2036, 1657054106.462203, 1657054106.7013726, 1657054106.951844, 1657054107.1268656, 1657054107.409603, 1657054107.627796, 1657054107.8434577, 1657054108.0332704, 1657054108.2101843, 1657054108.4750166, 1657054126.2305193, 1657054126.3945928, 1657054126.6206768, 1657054126.8746183, 1657054127.0433638, 1657054127.2686975, 1657054127.6452913, 1657054127.7854788, 1657054127.968109, 1657054128.287756, 1657054128.5087643, 1657054128.8264744, 1657054146.5439372, 1657054146.8290992, 1657054147.0873969, 1657054147.2970994, 1657054147.5261557, 1657054147.8347404, 1657054148.1341243, 1657054148.409694, 1657054166.2300332, 1657054166.4195433, 1657054166.6993833, 1657054166.922469, 1657054167.1564283, 1657054167.4279852, 1657054167.7091663, 1657054168.0092762, 1657054168.2883592, 1657054168.5898578, 1657054186.861294, 1657054187.1452982, 1657054187.4356523, 1657054187.7064195, 1657054187.9611814, 1657054188.244353, 1657054188.5172775, 1657054188.8372374, 1657054206.7118392, 1657054207.01177, 1657054207.2032225, 1657054207.4739707, 1657054207.7827327, 1657054208.080848, 1657054208.351192, 1657054208.5363576, 1657054208.833997, 1657054226.6073089, 1657054226.8825264, 1657054227.1576824, 1657054227.4801843, 1657054227.7538202, 1657054228.047426, 1657054228.3603837, 1657054228.673109, 1657054228.9011192, 1657054247.2500608, 1657054247.4626021, 1657054247.6794307, 1657054247.8615892, 1657054248.184762, 1657054248.4971905, 1657054248.7741077, 1657054249.097332, 1657054249.295848, 1657054266.8779664, 1657054267.1602323, 1657054267.333069, 1657054267.6191864, 1657054267.9473817, 1657054268.2108757, 1657054268.5093462, 1657054268.8066893, 1657054268.963687, 1657054286.8215773, 1657054287.0735013, 1657054287.2153065, 1657054287.506106, 1657054287.7827559, 1657054288.0832803, 1657054288.265118, 1657054288.4985597, 1657054288.7917795, 1657054289.0826638, 1657054307.2584102, 1657054307.4796429, 1657054307.7925308, 1657054308.0845919, 1657054308.3574762, 1657054308.6572027, 1657054308.9000268, 1657054309.2011268, 1657054309.4120815, 1657054327.225558, 1657054327.538693, 1657054327.7616215, 1657054327.967186, 1657054328.262437, 1657054328.4507113, 1657054328.6628306, 1657054328.871444, 1657054329.0076911, 1657054329.2218955, 1657054329.5063446, 1657054329.716974, 1657054347.3823488, 1657054347.5705693, 1657054347.874952, 1657054348.1808898, 1657054348.4856405, 1657054348.7324862, 1657054348.9605923, 1657054349.2694767, 1657054349.4782968, 1657054366.6292524, 1657054366.933973, 1657054367.106877, 1657054367.3656695, 1657054367.5473, 1657054367.7278125, 1657054367.907476, 1657054368.207137, 1657054368.5186393, 1657054368.7175858, 1657054369.0281174, 1657054384.6509745, 1657054384.929894, 1657054385.1383533, 1657054385.4353654, 1657054385.7192268, 1657054385.9072387, 1657054386.1024709, 1657054386.2874403, 1657054386.459712, 1657054386.7331796, 1657054403.6597261, 1657054403.8614857, 1657054404.0154338, 1657054404.2618864, 1657054404.5121536, 1657054404.7564857, 1657054405.0296667, 1657054405.2704504, 1657054422.229586, 1657054422.489103, 1657054422.6642213, 1657054422.905618, 1657054423.1435835, 1657054423.3428469, 1657054423.4912176, 1657054423.6383908, 1657054423.8294408, 1657054424.0616558, 1657054441.0089617, 1657054441.2473993, 1657054441.4131799, 1657054441.609653, 1657054441.7603912, 1657054441.9519966, 1657054442.083422, 1657054442.2310631, 1657054442.4032996, 1657054442.5927916, 1657054442.823633, 1657054443.0639336, 1657054458.0839288, 1657054458.3303683, 1657054458.5195658, 1657054458.7401576, 1657054458.9578826, 1657054459.2048633, 1657054459.416815, 1657054459.6079652, 1657054459.844754, 1657054474.4590914, 1657054474.64831, 1657054474.8155353, 1657054474.9596775, 1657054475.116615, 1657054475.2600636, 1657054475.39943, 1657054475.5403419, 1657054475.7062438, 1657054475.8324745, 1657054476.0062823, 1657054476.1553113, 1657054476.2838817, 1657054476.4348953, 