{"initial_reset_timestamp": 1657053646.3564386, "timestamps": [1657053652.7992456, 1657053653.0720665, 1657053653.496147, 1657053653.896148, 1657053654.2851062, 1657053654.6683378, 1657053657.537829, 1657053657.9417148, 1657053658.3420377, 1657053658.7357287, 1657053659.1249554, 1657053659.5396073, 1657053659.915786, 1657053663.9020023, 1657053665.846942, 1657053667.9601214, 1657053670.0400267, 1657053672.1585937, 1657053674.1461864, 1657053676.152736, 1657053680.7671955, 1657053682.961949, 1657053685.2293224, 1657053687.3579109, 1657053689.261853, 1657053691.1723979, 1657053695.7237933, 1657053697.7733977, 1657053699.8018482, 1657053702.0173311, 1657053704.1821976, 1657053705.6040435, 1657053707.6189494, 1657053711.7935908, 1657053713.8085449, 1657053715.862469, 1657053718.0017226, 1657053720.150186, 1657053721.895516, 1657053724.067899, 1657053728.5789886, 1657053730.4538877, 1657053732.4247816, 1657053734.5418332, 1657053736.560695, 1657053738.5008447, 1657053740.5991995, 1657053745.2203147, 1657053746.985232, 1657053748.7319973, 1657053750.8285666, 1657053752.9576528, 1657053755.1167336, 1657053759.8780127, 1657053762.0658758, 1657053763.9251177, 1657053765.9350085, 1657053767.9282851, 1657053770.0811021, 1657053772.446299, 1657053777.1709602, 1657053779.3937728, 1657053781.4996078, 1657053783.355738, 1657053785.4388359, 1657053787.7297974, 1657053790.1332064, 1657053795.131894, 1657053797.6026304, 1657053799.9817743, 1657053802.2918782, 1657053804.3582847, 1657053806.4493625, 1657053811.438554, 1657053813.850733, 1657053816.2082827, 1657053818.5767353, 1657053821.0146027, 1657053823.376491, 1657053825.6186335, 1657053830.6788938, 1657053832.9314342, 1657053835.0787523, 1657053837.6237435, 1657053840.1910408, 1657053842.647506, 1657053844.9749448, 1657053850.456251, 1657053851.9591024, 1657053854.3062289, 1657053856.6187108, 1657053859.1657023, 1657053861.6148298, 1657053864.1826131, 1657053869.3121264, 1657053871.817745, 1657053874.24266, 1657053876.787371, 1657053879.388917, 1657053881.9700084, 1657053884.5588973, 1657053889.7104154, 1657053892.1546977, 1657053894.5749066, 1657053897.2809138, 1657053899.9691398, 1657053902.5875704, 1657053908.4006019, 1657053910.7963762, 1657053913.1099832, 1657053915.5760386, 1657053918.3544729, 1657053921.016543, 1657053923.6430452, 1657053929.4106848, 1657053931.9595394, 1657053934.3004873, 1657053936.770675, 1657053939.3361948, 1657053942.0740347, 1657053944.7651043, 1657053950.24751, 1657053952.8876815, 1657053955.2236469, 1657053957.6858594, 1657053960.1496654, 1657053962.858591, 1657053969.0564127, 1657053971.5351906, 1657053974.0403135, 1657053976.6190069, 1657053978.960676, 1657053981.5375528, 1657053984.1731799, 1657053990.1296053, 1657053992.7028122, 1657053995.2516015, 1657053997.7383616, 1657054000.1550078, 1657054002.724199, 1657054005.310617, 1657054010.8047538, 1657054013.2770143, 1657054015.8853598, 1657054018.3777194, 1657054020.7783136, 1657054023.1183178, 1657054029.0274556, 1657054031.3400064, 1657054033.7752836, 1657054036.37715, 1657054038.8597138, 1657054041.4424458, 1657054043.9131322, 1657054049.872271, 1657054052.19888, 1657054054.7274475, 1657054057.2958782, 1657054059.8478606, 1657054062.4666023, 1657054064.8699937, 1657054070.2916005, 1657054072.7448907, 1657054075.2788756, 1657054077.8701985, 1657054080.365199, 1657054082.817038, 1657054088.4622903, 1657054090.7944026, 1657054093.2863965, 1657054095.8962972, 1657054098.506925, 1657054101.04602, 1657054103.6132565, 1657054109.5939074, 1657054111.8884778, 1657054114.0960433, 1657054116.759833, 1657054119.5391135, 1657054122.0591795, 1657054124.6281464, 1657054130.805777, 1657054132.9786458, 1657054135.5065439, 1657054138.1643257, 1657054140.8195813, 1657054143.2587066, 1657054148.844078, 1657054151.4129932, 1657054153.7557056, 1657054156.2197564, 1657054158.7138443, 1657054161.4058454, 1657054163.948474, 1657054169.9301062, 1657054172.6097636, 1657054175.03033, 1657054177.4831192, 1657054179.9731154, 1657054182.637186, 1657054185.1963062, 1657054190.9279227, 1657054193.3089561, 1657054195.983302, 1657054198.5379152, 1657054200.9489274, 1657054203.403353, 1657054209.2462544, 1657054211.5307765, 1657054214.1161835, 1657054216.8033092, 1657054219.4999907, 1657054222.000554, 1657054224.3548262, 1657054230.1168923, 1657054232.4192247, 1657054235.0385077, 1657054237.8937664, 1657054240.5868125, 1657054243.337049, 1657054245.6522744, 1657054251.0835512, 1657054253.234529, 1657054255.749997, 1657054258.4669979, 1657054261.0782557, 1657054263.686463, 1657054269.3634925, 1657054271.6764605, 1657054274.0653243, 1657054276.5619361, 1657054279.2495146, 1657054281.8822732, 1657054284.39338, 1657054290.2735329, 1657054292.7332113, 1657054295.167706, 1657054297.7270577, 1657054300.418478, 1657054302.956551, 1657054305.622853, 1657054311.3640764, 1657054313.7887444, 1657054316.0048354, 1657054318.5645888, 1657054321.1566951, 1657054323.877731, 1657054330.1476395, 1657054332.634349, 1657054334.9018137, 1657054337.1186473, 1657054339.5622685, 1657054342.1245775, 1657054344.8339052, 1657054350.7210088, 1657054353.2445009, 1657054355.7018194, 1657054357.9970522, 1657054360.1243198, 1657054362.5068662, 1657054365.1036668, 1657054371.029313, 1657054373.5045297, 1657054375.8111658, 1657054378.0870075, 1657054379.808686, 1657054381.740601, 1657054387.0740662, 1657054389.3813992, 1657054391.9076622, 1657054394.3562305, 1657054396.8179228, 1657054399.0047228, 1657054401.3319368, 1657054406.3000824, 1657054408.690823, 1657054411.1808786, 1657054412.3992088, 1657054414.6968803, 1657054416.966896, 1657054419.4629283, 1657054424.6827738, 1657054426.972539, 1657054429.4015489, 1657054431.6863894, 1657054433.9267755, 1657054436.3332593, 1657054438.9559202, 1657054444.3996606, 1657054446.6112475, 1657054448.728552, 1657054450.714999, 1657054452.70175, 1657054454.7411935, 1657054456.9527946, 1657054461.8315144, 1657054463.966659, 1657054465.9082255, 1657054468.057372, 1657054469.998003, 1657054472.0597463, 1657054477.615127, 1657054479.7790847, 1657054481.764085, 1657054483.8969786, 1657054485.919412, 1657054488.0318348, 1657054490.198408, 1657054495.6350813, 1657054497.6630821, 1657054499.751631, 1657054501.844567, 1657054503.8076034, 1657054505.9252975, 1657054508.0724034, 1657054514.0861502, 1657054516.166619, 1657054518.3066173, 1657054520.2716672, 1657054522.3647254, 1657054524.4891908, 1657054530.0571024, 1657054532.2887118, 1657054534.4851267, 1657054536.6371214, 1657054538.7087233, 1657054540.9553947, 1657054542.9226305, 1657054548.3270476, 1657054550.2775598, 1657054552.2164304, 1657054554.0054483, 1657054555.8690524, 1657054557.821675, 1657054559.8065674],