{"initial_reset_timestamp": 1657055073.4196188, "timestamps": [1657055080.680087, 1657055080.904817, 1657055081.2382011, 1657055081.6386395, 1657055082.01794, 1657055082.3953316, 1657055082.8147008, 1657055083.1834052, 1657055083.5519917, 1657055083.9128034, 1657055087.724531, 1657055088.097538, 1657055088.4649644, 1657055088.8313675, 1657055089.200085, 1657055089.5677676, 1657055089.9442158, 1657055090.3243444, 1657055090.6868153, 1657055091.0484827, 1657055096.166532, 1657055097.7213967, 1657055099.1973834, 1657055100.7134602, 1657055102.0973747, 1657055103.3969886, 1657055104.8476598, 1657055106.212678, 1657055107.6450527, 1657055109.2490046, 1657055114.416076, 1657055115.9991016, 1657055117.4528608, 1657055118.8135395, 1657055120.3115141, 1657055121.717366, 1657055123.0937536, 1657055124.4752316, 1657055126.0286515, 1657055127.5467482, 1657055132.6051846, 1657055133.9524126, 1657055135.4600408, 1657055137.0309873, 1657055138.532443, 1657055139.8578384, 1657055141.1050773, 1657055142.5124207, 1657055144.0357268, 1657055145.5762193, 1657055150.5351954, 1657055152.1219473, 1657055153.6996837, 1657055155.1537573, 1657055156.6059017, 1657055158.097429, 1657055159.4600005, 1657055160.69717, 1657055162.2276902, 1657055163.7938228, 1657055168.8262832, 1657055170.34372, 1657055171.7785764, 1657055173.304178, 1657055174.9109702, 1657055176.4135754, 1657055177.9143505, 1657055179.29927, 1657055180.7714708, 1657055182.1488287, 1657055187.1775427, 1657055188.4853318, 1657055189.921827, 1657055191.5186796, 1657055193.0585124, 1657055194.6045876, 1657055196.0599363, 1657055197.5158553, 1657055198.9716861, 1657055200.4486966, 1657055205.4820392, 1657055206.9981453, 1657055208.4881797, 1657055209.995384, 1657055211.1130443, 1657055212.5287523, 1657055213.8185105, 1657055215.209958, 1657055216.6272566, 1657055218.0256205, 1657055223.3909147, 1657055224.5868566, 1657055226.1013675, 1657055227.636643, 1657055228.9581132, 1657055230.2135854, 1657055231.637657, 1657055233.0596423, 1657055233.9100204, 1657055235.4957674, 1657055236.9349728, 1657055242.0083973, 1657055243.6327863, 1657055245.1203697, 1657055246.373081, 1657055247.9995127, 1657055248.9515567, 1657055250.234474, 1657055251.4080532, 1657055252.7658887, 1657055254.2714272, 1657055255.865195, 1657055261.2338886, 1657055262.793348, 1657055264.3998177, 1657055265.9739249, 1657055267.4942946, 1657055268.8567107, 1657055270.2987564, 1657055271.710741, 1657055273.301528, 1657055274.4633572, 1657055280.1726162, 1657055281.916982, 1657055283.580736, 1657055285.1433787, 1657055286.699523, 1657055288.2726986, 1657055289.837595, 1657055291.4170468, 1657055293.0333977, 1657055294.6528616, 1657055299.9051821, 1657055301.527229, 1657055303.020889, 1657055304.4612768, 1657055306.044214, 1657055307.5276673, 1657055308.9874449, 1657055310.482492, 1657055311.9449284, 1657055313.353572, 1657055318.8355577, 1657055320.343777, 1657055321.9601402, 1657055323.6458309, 1657055325.3322115, 1657055326.873122, 1657055328.2775345, 1657055329.6532054, 1657055331.1118875, 1657055332.7573888, 1657055338.0341573, 1657055339.5849018, 1657055341.079186, 1657055342.6275792, 1657055344.1734264, 1657055345.5882444, 1657055346.9057465, 1657055348.3387685, 1657055349.6847222, 1657055351.2239387, 1657055356.5638826, 1657055358.0771127, 1657055359.574902, 1657055361.1157641, 1657055362.3906667, 1657055363.8038478, 1657055365.3611376, 1657055366.8719811, 1657055368.351384, 1657055369.83191, 1657055375.4235704, 1657055377.0602505, 1657055378.5318809, 1657055379.8512878, 1657055381.278039, 1657055382.7099373, 1657055384.2741063, 1657055385.7722223, 1657055387.1839066, 1657055388.594391, 1657055393.7245317, 1657055395.117245, 1657055396.5733745, 1657055398.1065977, 1657055399.5572562, 1657055400.9811065, 1657055402.427639, 1657055403.8933136, 1657055405.34061, 1657055406.7548704, 1657055411.829133, 1657055413.3114119, 1657055414.8112705, 1657055416.3840537, 1657055417.9065523, 1657055419.3488803, 1657055420.6800892, 1657055422.0509295, 1657055423.464447, 1657055424.968092, 1657055430.3022382, 1657055431.8396537, 1657055433.21392, 1657055434.6092274, 1657055436.1920505, 1657055437.759586, 1657055439.2756596, 1657055440.6937556, 1657055442.1104205, 1657055443.306364, 1657055448.4701777, 1657055450.0200946, 1657055451.5524025, 1657055453.08674, 1657055454.6361625, 1657055456.1652699, 1657055457.739278, 1657055459.1656346, 1657055460.430039, 1657055461.7358224, 1657055466.9111245, 1657055468.460108, 1657055470.0508099, 1657055471.5607433, 1657055473.1147423, 1657055474.4766614, 1657055475.8116891, 1657055477.1265628, 1657055478.5734148, 1657055479.4891346, 1657055480.9883206, 1657055486.1083534, 1657055487.6130645, 1657055489.0629694, 1657055490.4538476, 1657055491.9391406, 1657055493.525713, 1657055495.1138518, 1657055496.6349077, 1657055498.0964756, 1657055499.5873976, 1657055504.8491995, 1657055506.2087395, 1657055507.5188797, 1657055508.6739006, 1657055510.2271173, 1657055511.8804197, 1657055513.4541202, 1657055514.4568574, 1657055515.8685462, 1657055517.3428895, 1657055522.8414721, 1657055524.1848056, 1657055525.5567331, 1657055526.5045314, 1657055528.0093672, 1657055529.577138, 1657055531.1990788, 1657055532.8040938, 1657055534.2371485, 1657055535.737378, 1657055537.2886343, 1657055542.6964865, 1657055544.2203782, 1657055545.681039, 1657055547.177107, 1657055548.592634, 1657055550.089218, 1657055551.3155797, 1657055552.773025, 1657055554.1402783, 1657055555.5068738, 1657055560.578391, 1657055562.01341, 1657055563.4649687, 1657055564.8476095, 1657055566.1588652, 1657055567.5485222, 1657055568.9080627, 1657055570.1357105, 1657055571.452325, 1657055572.897759, 1657055577.9820924, 1657055579.5075927, 1657055581.0276775, 1657055582.546567, 1657055584.0816958, 1657055585.584837, 1657055586.9054615, 1657055588.1412582, 1657055589.465961, 1657055590.9074597, 1657055596.3419466, 1657055597.6491308, 1657055599.13401, 1657055600.5997546, 1657055602.0595763, 1657055603.5424666, 1657055604.895343, 1657055606.30672, 1657055607.769095, 1657055609.2666197, 1657055614.2583277, 1657055615.731159, 1657055617.2350779, 1657055618.3768086, 1657055619.7538474, 1657055621.3517017, 1657055622.8082883, 1657055624.2719939, 1657055625.7976735, 1657055627.2919629, 1657055628.75731, 1657055633.3684716, 1657055634.6633859, 1657055636.000311, 1657055637.5107808, 1657055639.0881443, 1657055640.563117, 1657055641.9110281, 1657055643.172495, 1657055644.6256926, 1657055646.1021812, 1657055651.112066, 1657055652.6250854, 1657055654.0892274, 1657055655.472452, 1657055656.8188581, 1657055658.209864, 1657055659.5110383, 1657055660.9190593, 1657055662.3984468, 1657055663.9326396, 1657055669.282206, 1657055670.8594925, 1657055672.3229704, 1657055673.7427328, 1657055675.1652098, 1657055676.4768665, 1657055677.694998, 1657055678.9654844, 1657055679.8177538, 1657055681.1127658, 1657055682.2034717, 1657055687.5849106, 1657055689.0875213, 1657055690.6152592, 1657055692.151145, 1657055693.650697, 1657055695.121636, 1657055696.5153592, 1657055697.89211, 1657055699.1769967, 1657055700.601488, 1657055705.9594133, 1657055706.6671348, 1657055708.254738, 1657055709.7704957, 1657055711.3308587, 1657055712.4584665, 1657055713.784701, 1657055714.9657938, 1657055715.6930544, 1657055717.0899742, 1657055718.3229437, 1657055723.2985055, 1657055724.6039026, 1657055725.8936594, 1657055727.271843, 1657055728.6263952, 1657055729.9895148, 1657055731.4528458, 1657055732.8583221, 1657055734.2149284, 1657055735.497587, 1657055740.6363502, 1657055742.1135218, 1657055743.3488212, 1657055744.5842526, 1657055745.9050744, 1657055747.2980185, 1657055748.6997404, 1657055750.0614822, 1657055751.1816347, 1657055752.5950062, 1657055754.0759337, 1657055759.4436731, 1657055760.8865645, 1657055762.1175694, 1657055763.6107605, 1657055765.0306609, 1657055766.119971, 1657055767.5965576, 1657055768.9646156, 1657055770.3275933, 1657055771.5846746, 1657055776.9306, 1657055778.492956, 1657055780.0593512, 1657055781.5582325, 