{"initial_reset_timestamp": 1657055077.9512343, "timestamps": [1657055078.227271, 1657055078.4890401, 1657055078.7595146, 1657055079.035024, 1657055079.3006904, 1657055079.5668535, 1657055079.8228922, 1657055080.0898106, 1657055080.3552732, 1657055080.6288376, 1657055085.1360714, 1657055085.397831, 1657055085.6558805, 1657055085.9166975, 1657055086.1791656, 1657055086.4411223, 1657055086.6908636, 1657055086.9625077, 1657055087.2275045, 1657055087.5369473, 1657055092.2673836, 1657055092.54703, 1657055092.8104534, 1657055093.1383054, 1657055093.401989, 1657055093.6839328, 1657055093.9637291, 1657055094.2425132, 1657055094.5232518, 1657055094.7847543, 1657055110.597708, 1657055110.8729546, 1657055111.1371648, 1657055111.4172888, 1657055111.6908066, 1657055111.9664593, 1657055112.2253058, 1657055112.500583, 1657055112.7730575, 1657055113.0213223, 1657055128.881519, 1657055129.1697497, 1657055129.4340813, 1657055129.7075627, 1657055129.986327, 1657055130.2585466, 1657055130.5340557, 1657055130.8062842, 1657055131.078337, 1657055131.3472629, 1657055146.7955217, 1657055147.0698276, 1657055147.3422914, 1657055147.615975, 1657055147.8896027, 1657055148.1515207, 1657055148.4712982, 1657055148.7367249, 1657055149.0023024, 1657055149.2645864, 1657055165.3388288, 1657055165.6067183, 1657055165.9224331, 1657055166.1937933, 1657055166.4569373, 1657055166.72345, 1657055166.994871, 1657055167.262911, 1657055167.5349288, 1657055167.81031, 1657055183.754537, 1657055184.0319424, 1657055184.3076243, 1657055184.5847604, 1657055184.84722, 1657055185.129375, 1657055185.4078848, 1657055185.6772668, 1657055185.9561145, 1657055186.2203126, 1657055201.9559178, 1657055202.2355385, 1657055202.502622, 1657055202.7711263, 1657055203.032323, 1657055203.3220577, 1657055203.6014638, 1657055203.888447, 1657055204.1656153, 1657055204.4455805, 1657055220.0867662, 1657055220.3622267, 1657055220.6259532, 1657055220.909474, 1657055221.2414517, 1657055221.5170062, 1657055221.7811806, 1657055222.0623884, 1657055222.343757, 1657055222.6252, 1657055222.9076693, 1657055239.0140822, 1657055239.2939496, 1657055239.5762835, 1657055239.8545642, 1657055240.121379, 1657055240.4028945, 1657055240.6670597, 1657055240.9449348, 1657055241.215836, 1657055241.493854, 1657055257.6750464, 1657055257.957292, 1657055258.2406085, 1657055258.5138295, 1657055258.7694988, 1657055259.062312, 1657055259.344796, 1657055259.6219044, 1657055259.8882248, 1657055260.17317, 1657055260.4473066, 1657055276.7429116, 1657055277.0346422, 1657055277.3311405, 1657055277.6014104, 1657055277.9305396, 1657055278.2403512, 1657055278.5344646, 1657055278.8484378, 1657055279.1379502, 1657055279.4368072, 1657055279.737474, 1657055296.9469984, 1657055297.2380934, 1657055297.510647, 1657055297.8000271, 1657055298.0883286, 1657055298.36196, 1657055298.6672924, 1657055298.9526367, 1657055299.2187626, 1657055299.5012836, 1657055315.675644, 1657055315.9633021, 1657055316.2520814, 1657055316.5500243, 1657055316.8321662, 1657055317.111882, 1657055317.3979423, 1657055317.6775386, 1657055317.9034898, 1657055318.1904168, 1657055318.467419, 1657055335.0977464, 1657055335.359487, 1657055335.6440601, 1657055335.9316561, 1657055336.2176082, 1657055336.5043485, 1657055336.7723022, 1657055337.096693, 1657055337.3680005, 1657055337.6483197, 1657055353.5771277, 1657055353.8644035, 1657055354.137647, 1657055354.4889543, 1657055354.7741585, 1657055355.0663457, 1657055355.3562334, 1657055355.6204212, 1657055355.9010875, 1657055356.1884818, 1657055372.0511177, 1657055372.4045062, 1657055372.6894867, 1657055372.9785514, 1657055373.2644377, 1657055373.5703897, 1657055373.8510578, 1657055374.162142, 1657055374.4620118, 1657055374.7625778, 1657055375.0529706, 1657055390.8269396, 1657055391.1072233, 1657055391.3768952, 1657055391.6612217, 1657055391.9396052, 1657055392.2177315, 1657055392.4876208, 1657055392.7678878, 1657055393.05131, 1657055393.3316689, 1657055408.828512, 1657055409.1030066, 1657055409.3835666, 1657055409.6331635, 1657055409.895285, 1657055410.1602364, 1657055410.4317467, 1657055410.6981459, 1657055410.9731185, 1657055411.2244003, 1657055411.4993691, 1657055427.1557548, 1657055427.4481802, 1657055427.7426474, 1657055428.0150657, 1657055428.269414, 1657055428.543392, 1657055428.811319, 1657055429.0910375, 1657055429.378995, 1657055429.6037605, 1657055429.947287, 1657055445.3867917, 1657055445.6568792, 1657055445.9199588, 1657055446.1989746, 1657055446.4869218, 1657055446.7377644, 1657055447.0309122, 1657055447.3117707, 1657055447.590685, 1657055447.8707218, 1657055448.1542432, 1657055463.8936756, 1657055464.1702323, 1657055464.514161, 1657055464.8007853, 1657055465.109356, 1657055465.4170928, 1657055465.700468, 1657055465.9959428, 1657055466.2885625, 1657055466.5771224, 1657055482.6290388, 1657055482.9075646, 1657055483.1762424, 1657055483.4398785, 1657055483.7015796, 1657055483.9697134, 1657055484.2333283, 1657055484.49455, 1657055484.7432053, 1657055485.0193055, 1657055485.2650962, 1657055501.381245, 1657055501.670348, 1657055501.9538028, 1657055502.2412071, 1657055502.5304606, 1657055502.8122623, 1657055503.0954435, 1657055503.3747747, 1657055503.6392505, 1657055503.904024, 1657055519.9312105, 1657055520.2161484, 1657055520.5036898, 1657055520.7716823, 1657055521.0668263, 1657055521.3659134, 1657055521.6386325, 1657055521.92202, 1657055522.2149174, 1657055522.5007913, 1657055522.792143, 1657055539.0949233, 1657055539.3657067, 1657055539.639161, 1657055539.8831458, 1657055540.157991, 1657055540.4273605, 1657055540.7228687, 1657055540.9970767, 1657055541.2782183, 1657055541.6294284, 1657055541.9175754, 1657055557.6083019, 1657055557.8766983, 1657055558.163063, 1657055558.4444995, 1657055558.7065651, 1657055558.9813373, 1657055559.3326008, 1657055559.5991566, 1657055559.8735433, 1657055560.1548154, 1657055575.01503, 1657055575.3016033, 1657055575.6025615, 1657055575.8786905, 1657055576.2079587, 1657055576.4932415, 1657055576.7569044, 1657055577.0410547, 1657055577.317782, 1657055577.579042, 1657055593.1075306, 1657055593.3991961, 1657055593.7542582, 1657055594.0208087, 1657055594.2836833, 1657055594.561266, 1657055594.8415134, 1657055595.1264899, 1657055595.3877218, 1657055595.6611283, 1657055595.9209466, 1657055611.664411, 1657055611.9362698, 1657055612.201253, 1657055612.4782085, 1657055612.7576532, 1657055613.0242844, 1657055613.2938619, 1657055613.5539498, 1657055613.824235, 1657055614.0976, 1657055630.1086717, 1657055630.373882, 1657055630.6463056, 1657055630.8916724, 1657055631.1407175, 1657055631.411398, 1657055631.6694083, 1657055631.9386826, 1657055632.1956983, 1657055632.4650526, 1657055632.7362585, 1657055647.9384756, 1657055648.2071931, 1657055648.4814444, 1657055648.7527173, 1657055649.029881, 1657055649.2969058, 1657055649.568938, 1657055649.8586166, 1657055650.1300552, 1657055650.4022956, 1657055665.8220785, 1657055666.0972407, 1657055666.364024, 1657055666.641471, 1657055666.9152164, 1657055667.1914957, 1657055667.4610848, 1657055667.7294528, 1657055668.0120304, 1657055668.2811558, 1657055668.5686412, 1657055683.5573475, 1657055683.8388226, 1657055684.1189296, 1657055684.3663278, 1657055684.6158283, 1657055684.8880336, 1657055685.1731308, 1657055685.4560072, 1657055685.811258, 1657055686.0926707, 1657055686.3790116, 1657055702.0256517, 1657055702.2972772, 1657055702.5777028, 1657055702.828285, 1657055703.104802, 1657055703.381246, 1657055703.654495, 1657055704.008978, 1657055704.2843416, 1657055704.568959, 1657055704.8464143, 1657055720.4390855, 1657055720.7106667, 1657055720.9802253, 1657055721.2488222, 1657055721.5175567, 1657055721.856265, 1657055722.1135445, 1657055722.3814492, 1657055722.6526544, 1657055722.9210858, 1657055737.7299616, 1657055738.0420449, 1657055738.3197496, 1657055738.5890296, 1657055738.9281998, 1657055739.2108452, 1657055739.4807856, 1657055739.7644577, 1657055740.0438473, 1657055740.3135448, 1657055755.5484357, 1657055755.8345447, 1657055756.0499396, 1657055756.4086697, 1657055756.6973765, 